time,open,low,close,volume
2014-01-02T08:00:00+08:00,34.0,33.3,34.0,1238100.0
2014-01-03T08:00:00+08:00,33.95,33.65,33.9,2039300.0
2014-01-06T08:00:00+08:00,34.4,34.15,34.35,1157000.0
2014-01-07T08:00:00+08:00,34.3,34.3,34.35,1761500.0
2014-01-08T08:00:00+08:00,34.75,34.55,35.0,2172400.0
2014-01-09T08:00:00+08:00,35.2,34.65,34.9,1169800.0
2014-01-10T08:00:00+08:00,35.2,34.8,35.0,5214100.0
2014-01-13T08:00:00+08:00,35.5,35.2,35.45,3517700.0
2014-01-14T08:00:00+08:00,35.4,35.1,35.35,2642700.0
2014-01-15T08:00:00+08:00,35.55,35.5,35.8,5277000.0
2014-01-16T08:00:00+08:00,35.8,35.5,35.8,4216300.0
2014-01-17T08:00:00+08:00,35.85,35.55,35.8,2900200.0
2014-01-20T08:00:00+08:00,36.0,35.6,35.7,900800.0
2014-01-21T08:00:00+08:00,35.8,35.65,35.8,4401000.0
2014-01-22T08:00:00+08:00,35.8,35.55,36.05,4743700.0
2014-01-23T08:00:00+08:00,36.1,36.1,37.0,2081500.0
2014-01-24T08:00:00+08:00,37.0,36.3,36.65,2518400.0
2014-01-27T08:00:00+08:00,36.15,35.7,36.1,3230100.0
2014-01-28T08:00:00+08:00,36.0,35.95,36.0,2949700.0
2014-01-29T08:00:00+08:00,36.0,35.9,35.9,2091300.0
2014-01-30T08:00:00+08:00,35.7,35.7,35.95,5070800.0
2014-02-03T08:00:00+08:00,35.95,34.6,35.25,5395600.0
2014-02-04T08:00:00+08:00,35.3,34.2,34.35,6526100.0
2014-02-05T08:00:00+08:00,34.4,34.4,34.65,3975600.0
2014-02-06T08:00:00+08:00,35.15,35.0,35.7,5238900.0
2014-02-07T08:00:00+08:00,36.0,35.95,36.0,4400000.0
2014-02-10T08:00:00+08:00,36.1,35.8,35.85,4134600.0
2014-02-11T08:00:00+08:00,35.65,35.65,36.0,8707700.0
2014-02-12T08:00:00+08:00,36.25,36.2,36.3,1234800.0
2014-02-13T08:00:00+08:00,36.6,35.9,36.3,1477900.0
2014-02-14T08:00:00+08:00,36.3,36.0,36.3,1624100.0
2014-02-17T08:00:00+08:00,36.35,36.35,36.9,1286300.0
2014-02-18T08:00:00+08:00,37.0,36.95,36.95,1599900.0
2014-02-19T08:00:00+08:00,36.95,36.95,38.1,5307300.0
2014-02-20T08:00:00+08:00,38.25,37.4,38.2,3367100.0
2014-02-21T08:00:00+08:00,38.3,36.9,37.5,2842500.0
2014-02-24T08:00:00+08:00,37.65,37.4,37.9,2316000.0
2014-02-25T08:00:00+08:00,38.2,37.9,38.0,3842900.0
2014-02-26T08:00:00+08:00,37.75,37.3,38.5,4956200.0
2014-02-27T08:00:00+08:00,38.65,37.75,38.25,1463700.0
2014-02-28T08:00:00+08:00,38.6,38.1,38.85,3562100.0
2014-03-03T08:00:00+08:00,38.85,38.4,41.0,13078700.0
2014-03-04T08:00:00+08:00,39.3,39.3,41.0,3799000.0
2014-03-05T08:00:00+08:00,41.15,41.15,41.4,6725600.0
2014-03-06T08:00:00+08:00,41.4,41.4,42.25,5899600.0
2014-03-07T08:00:00+08:00,42.15,41.4,41.5,4056600.0
2014-03-10T08:00:00+08:00,41.5,41.35,41.65,4639000.0
2014-03-11T08:00:00+08:00,41.75,41.6,41.8,3211100.0
2014-03-12T08:00:00+08:00,41.75,41.35,41.5,5212900.0
2014-03-13T08:00:00+08:00,41.25,39.85,40.5,2342200.0
2014-03-14T08:00:00+08:00,40.05,39.3,39.9,5241300.0
2014-03-17T08:00:00+08:00,39.75,39.55,39.55,5123700.0
2014-03-18T08:00:00+08:00,39.6,39.55,39.75,5850200.0
2014-03-19T08:00:00+08:00,40.0,39.85,39.9,37084600.0
2014-03-20T08:00:00+08:00,38.75,38.0,38.8,4995300.0
2014-03-21T08:00:00+08:00,38.9,38.0,38.05,4037200.0
2014-03-24T08:00:00+08:00,38.55,37.75,38.05,1418800.0
2014-03-25T08:00:00+08:00,38.25,37.35,37.4,7445000.0
2014-03-26T08:00:00+08:00,37.5,37.35,37.4,4432000.0
2014-03-27T08:00:00+08:00,37.5,37.3,37.45,1698900.0
2014-03-28T08:00:00+08:00,37.75,37.3,37.65,6414600.0
2014-03-31T08:00:00+08:00,37.75,37.05,37.2,8400200.0
2014-04-01T08:00:00+08:00,37.95,37.5,38.35,7417100.0
2014-04-02T08:00:00+08:00,38.8,38.2,38.4,2545900.0
2014-04-03T08:00:00+08:00,38.1,37.65,38.0,2152800.0
2014-04-04T08:00:00+08:00,37.8,37.5,37.65,2742400.0
2014-04-07T08:00:00+08:00,37.8,37.65,37.95,1336800.0
2014-04-08T08:00:00+08:00,37.95,37.7,37.75,5218100.0
2014-04-10T08:00:00+08:00,38.2,37.9,38.0,6940300.0
2014-04-11T08:00:00+08:00,38.0,37.8,38.0,3001000.0
2014-04-14T08:00:00+08:00,38.3,37.75,37.8,4794200.0
2014-04-15T08:00:00+08:00,37.9,37.5,37.7,3180900.0
2014-04-16T08:00:00+08:00,37.75,37.2,37.4,4843700.0
2014-04-21T08:00:00+08:00,37.4,37.35,37.5,1766700.0
2014-04-22T08:00:00+08:00,37.95,37.4,37.4,3061900.0
2014-04-23T08:00:00+08:00,37.4,37.3,37.4,3824000.0
2014-04-24T08:00:00+08:00,37.2,36.45,36.6,3866200.0
2014-04-25T08:00:00+08:00,36.65,36.3,36.3,1671700.0
2014-04-28T08:00:00+08:00,36.45,35.6,35.8,2284900.0
2014-04-29T08:00:00+08:00,36.0,36.0,36.3,4922600.0
2014-04-30T08:00:00+08:00,36.5,36.45,36.5,3056800.0
2014-05-02T08:00:00+08:00,36.2,36.2,36.65,4739800.0
2014-05-05T08:00:00+08:00,36.7,36.4,36.4,1790500.0
2014-05-06T08:00:00+08:00,37.0,36.3,36.35,2883300.0
2014-05-07T08:00:00+08:00,36.45,36.3,36.4,1688700.0
2014-05-08T08:00:00+08:00,36.75,36.25,36.3,2783500.0
2014-05-09T08:00:00+08:00,36.75,36.75,37.15,7472200.0
2014-05-12T08:00:00+08:00,37.45,37.0,37.3,1379900.0
2014-05-13T08:00:00+08:00,37.6,37.6,37.95,5211300.0
2014-05-14T08:00:00+08:00,38.0,37.8,37.9,4232600.0
2014-05-15T08:00:00+08:00,37.95,36.65,36.75,4091300.0
2014-05-16T08:00:00+08:00,36.75,36.75,37.7,3408000.0
2014-05-19T08:00:00+08:00,37.75,37.65,37.7,1763500.0
2014-05-20T08:00:00+08:00,37.9,37.6,37.7,2255600.0
2014-05-21T08:00:00+08:00,37.7,36.8,36.8,1626900.0
2014-05-22T08:00:00+08:00,37.3,36.8,37.25,931800.0
2014-05-23T08:00:00+08:00,37.7,36.65,37.7,3199100.0
2014-05-26T08:00:00+08:00,37.6,37.0,37.3,2241800.0
2014-05-27T08:00:00+08:00,37.3,37.0,37.15,1411500.0
2014-05-28T08:00:00+08:00,37.3,37.15,37.15,2824100.0
2014-05-29T08:00:00+08:00,37.4,36.7,37.0,3558300.0
2014-05-30T08:00:00+08:00,37.05,35.8,36.0,26126500.0
2014-06-02T08:00:00+08:00,36.1,36.05,36.5,4532800.0
2014-06-03T08:00:00+08:00,36.6,36.45,36.8,4937100.0
2014-06-04T08:00:00+08:00,36.55,36.45,36.6,4451300.0
2014-06-05T08:00:00+08:00,36.65,36.35,36.6,4748800.0
2014-06-06T08:00:00+08:00,36.6,36.25,36.55,1792300.0
2014-06-09T08:00:00+08:00,36.55,36.35,36.5,2802400.0
2014-06-10T08:00:00+08:00,36.5,36.45,36.6,1224500.0
2014-06-11T08:00:00+08:00,36.5,36.5,36.65,2917300.0
2014-06-13T08:00:00+08:00,36.65,36.2,36.6,1877100.0
2014-06-16T08:00:00+08:00,36.7,36.25,36.4,1266400.0
2014-06-17T08:00:00+08:00,36.4,35.9,36.0,4798600.0
2014-06-18T08:00:00+08:00,36.0,35.8,36.35,1649000.0
2014-06-19T08:00:00+08:00,36.2,35.85,36.0,980300.0
2014-06-20T08:00:00+08:00,36.0,36.0,36.2,1661500.0
2014-06-23T08:00:00+08:00,36.2,36.2,36.45,1016200.0
2014-06-24T08:00:00+08:00,36.35,36.35,36.9,2067900.0
2014-06-25T08:00:00+08:00,36.85,36.55,37.2,2369500.0
2014-06-26T08:00:00+08:00,37.4,37.05,37.2,2264000.0
2014-06-27T08:00:00+08:00,37.2,36.95,37.0,2038100.0
2014-06-30T08:00:00+08:00,37.0,36.65,36.65,1292000.0
2014-07-01T08:00:00+08:00,37.2,36.8,36.9,438800.0
2014-07-02T08:00:00+08:00,36.9,36.5,36.7,1202400.0
2014-07-03T08:00:00+08:00,36.95,36.75,37.2,1477700.0
2014-07-04T08:00:00+08:00,37.2,37.05,37.05,1927800.0
2014-07-07T08:00:00+08:00,37.5,36.55,36.55,2384600.0
2014-07-08T08:00:00+08:00,36.75,36.2,36.3,4201200.0
2014-07-09T08:00:00+08:00,36.35,36.35,36.45,1499200.0
2014-07-10T08:00:00+08:00,36.45,36.3,36.4,2337600.0
2014-07-11T08:00:00+08:00,36.4,36.3,36.45,1352700.0
2014-07-14T08:00:00+08:00,36.4,36.05,36.05,1899400.0
2014-07-15T08:00:00+08:00,36.1,35.9,36.0,2495500.0
2014-07-17T08:00:00+08:00,36.0,35.9,36.05,2426500.0
2014-07-18T08:00:00+08:00,36.05,36.0,36.1,3624600.0
2014-07-21T08:00:00+08:00,36.45,36.15,36.3,2210100.0
2014-07-22T08:00:00+08:00,36.45,36.25,36.7,3063800.0
2014-07-23T08:00:00+08:00,36.75,36.75,37.15,2017500.0
2014-07-24T08:00:00+08:00,37.15,37.0,37.1,2955900.0
2014-07-25T08:00:00+08:00,37.2,37.1,37.5,1464900.0
2014-07-28T08:00:00+08:00,37.3,36.75,36.8,625000.0
2014-07-30T08:00:00+08:00,36.8,36.75,36.75,4206700.0
2014-07-31T08:00:00+08:00,37.0,36.65,36.7,4515500.0
2014-08-01T08:00:00+08:00,36.7,36.6,37.0,1678100.0
2014-08-04T08:00:00+08:00,37.05,37.0,37.5,4161800.0
2014-08-05T08:00:00+08:00,37.5,36.85,36.9,2632800.0
2014-08-06T08:00:00+08:00,36.9,36.8,36.9,5652000.0
2014-08-07T08:00:00+08:00,37.0,36.85,36.9,1434100.0
2014-08-08T08:00:00+08:00,36.9,36.35,36.5,4371200.0
2014-08-11T08:00:00+08:00,36.75,36.75,37.2,1887400.0
2014-08-12T08:00:00+08:00,37.25,37.2,37.45,5906400.0
2014-08-13T08:00:00+08:00,37.55,37.5,37.6,3186300.0
2014-08-14T08:00:00+08:00,37.8,37.75,37.75,2619300.0
2014-08-15T08:00:00+08:00,37.75,37.25,37.35,1626300.0
2014-08-18T08:00:00+08:00,37.4,37.35,37.5,3379000.0
2014-08-19T08:00:00+08:00,37.55,37.1,38.5,3301100.0
2014-08-20T08:00:00+08:00,38.95,38.8,39.0,8725300.0
2014-08-22T08:00:00+08:00,39.1,38.8,39.0,3221600.0
2014-08-26T08:00:00+08:00,38.95,38.15,38.85,2641500.0
2014-08-27T08:00:00+08:00,38.85,38.8,38.9,4578700.0
2014-08-28T08:00:00+08:00,38.9,38.1,38.6,1413200.0
2014-08-29T08:00:00+08:00,38.75,37.5,37.5,7302600.0
2014-09-01T08:00:00+08:00,38.0,37.9,38.0,2753400.0
2014-09-02T08:00:00+08:00,38.05,37.5,37.55,2903700.0
2014-09-03T08:00:00+08:00,37.95,37.9,38.15,1895900.0
2014-09-04T08:00:00+08:00,38.15,38.1,38.4,3423400.0
2014-09-05T08:00:00+08:00,38.3,38.3,38.95,3666100.0
2014-09-08T08:00:00+08:00,38.95,38.8,38.8,2388200.0
2014-09-09T08:00:00+08:00,38.9,38.7,38.75,2055300.0
2014-09-10T08:00:00+08:00,38.75,38.5,38.6,1457800.0
2014-09-11T08:00:00+08:00,38.7,38.6,38.6,923500.0
2014-09-12T08:00:00+08:00,38.6,38.6,38.95,5138100.0
2014-09-15T08:00:00+08:00,38.95,38.65,38.95,5317600.0
2014-09-16T08:00:00+08:00,38.95,38.8,39.55,6539000.0
2014-09-17T08:00:00+08:00,39.55,39.55,39.9,3597100.0
2014-09-18T08:00:00+08:00,39.9,39.5,40.15,2468300.0
2014-09-22T08:00:00+08:00,39.85,39.5,40.15,3195700.0
2014-09-23T08:00:00+08:00,39.55,39.55,39.9,2290400.0
2014-09-24T08:00:00+08:00,40.1,39.6,39.75,1078100.0
2014-09-25T08:00:00+08:00,39.75,39.6,39.75,946200.0
2014-09-26T08:00:00+08:00,39.75,38.95,39.5,1835200.0
2014-09-29T08:00:00+08:00,39.7,39.5,40.2,2423400.0
2014-09-30T08:00:00+08:00,40.25,39.75,40.75,4834600.0
2014-10-01T08:00:00+08:00,40.6,40.0,41.1,4247000.0
2014-10-02T08:00:00+08:00,40.75,40.3,40.9,14322200.0
2014-10-03T08:00:00+08:00,40.8,40.6,41.0,2780500.0
2014-10-07T08:00:00+08:00,41.1,41.0,41.1,3678600.0
2014-10-08T08:00:00+08:00,41.05,40.85,41.05,3118100.0
2014-10-09T08:00:00+08:00,41.05,40.95,41.0,3222800.0
2014-10-10T08:00:00+08:00,40.8,40.0,41.3,2485700.0
2014-10-13T08:00:00+08:00,40.1,39.8,40.15,2789100.0
2014-10-14T08:00:00+08:00,39.85,38.9,39.95,7464000.0
2014-10-15T08:00:00+08:00,39.4,39.4,40.1,4399100.0
2014-10-16T08:00:00+08:00,39.9,39.65,40.45,5549500.0
2014-10-17T08:00:00+08:00,40.45,38.45,39.0,16231100.0
2014-10-20T08:00:00+08:00,39.1,39.1,39.4,2459300.0
2014-10-21T08:00:00+08:00,39.4,39.4,39.95,2952300.0
2014-10-22T08:00:00+08:00,40.0,39.95,40.5,2091200.0
2014-10-23T08:00:00+08:00,40.5,40.0,40.5,2047600.0
2014-10-24T08:00:00+08:00,40.7,40.05,40.45,1920400.0
2014-10-27T08:00:00+08:00,40.45,40.1,40.25,1727600.0
2014-10-28T08:00:00+08:00,40.25,40.0,40.45,2531600.0
2014-10-29T08:00:00+08:00,40.35,39.95,40.4,1785700.0
2014-10-30T08:00:00+08:00,40.3,39.95,40.6,2008500.0
2014-10-31T08:00:00+08:00,40.7,40.45,41.0,2142900.0
2014-11-03T08:00:00+08:00,41.1,40.6,40.95,1901400.0
2014-11-04T08:00:00+08:00,40.95,40.75,40.95,1802700.0
2014-11-05T08:00:00+08:00,41.0,40.75,40.9,2998500.0
2014-11-06T08:00:00+08:00,40.8,40.65,40.75,2520000.0
2014-11-07T08:00:00+08:00,40.6,40.6,40.75,1886900.0
2014-11-10T08:00:00+08:00,40.9,40.6,40.7,2939100.0
2014-11-11T08:00:00+08:00,40.85,40.25,40.5,3422900.0
2014-11-12T08:00:00+08:00,40.55,40.3,40.95,3165400.0
2014-11-13T08:00:00+08:00,40.9,40.2,41.0,3958800.0
2014-11-14T08:00:00+08:00,40.9,40.85,41.1,5365000.0
2014-11-17T08:00:00+08:00,41.05,41.05,41.45,4564100.0
2014-11-18T08:00:00+08:00,41.45,41.35,41.45,3892400.0
2014-11-19T08:00:00+08:00,41.7,41.4,41.5,2992400.0
2014-11-20T08:00:00+08:00,41.5,40.95,41.4,3381200.0
2014-11-21T08:00:00+08:00,41.4,41.4,41.85,2919500.0
2014-11-24T08:00:00+08:00,41.95,41.8,41.85,3609100.0
2014-11-25T08:00:00+08:00,41.8,41.3,41.6,17905500.0
2014-11-26T08:00:00+08:00,41.7,41.7,42.75,3119600.0
2014-11-27T08:00:00+08:00,43.0,41.8,42.25,897800.0
2014-11-28T08:00:00+08:00,42.25,41.9,42.2,905200.0
2014-12-01T08:00:00+08:00,42.2,42.1,42.4,3873500.0
2014-12-02T08:00:00+08:00,42.4,42.1,42.9,7339400.0
2014-12-03T08:00:00+08:00,42.85,42.8,42.8,1765200.0
2014-12-04T08:00:00+08:00,42.75,42.45,42.65,1751600.0
2014-12-05T08:00:00+08:00,42.0,41.4,42.0,3682200.0
2014-12-09T08:00:00+08:00,41.5,41.5,41.8,1354800.0
2014-12-10T08:00:00+08:00,41.3,41.2,42.4,1392100.0
2014-12-11T08:00:00+08:00,41.8,41.2,42.4,2319400.0
2014-12-12T08:00:00+08:00,42.2,41.85,42.85,1647900.0
2014-12-15T08:00:00+08:00,41.4,41.25,42.5,3319100.0
2014-12-16T08:00:00+08:00,42.5,42.0,42.1,1948800.0
2014-12-17T08:00:00+08:00,42.4,40.6,40.8,12624500.0
2014-12-18T08:00:00+08:00,41.0,40.2,41.9,3659400.0
2014-12-19T08:00:00+08:00,41.9,41.9,42.4,3469500.0
2014-12-22T08:00:00+08:00,42.15,42.0,42.05,1313700.0
2014-12-23T08:00:00+08:00,42.0,42.0,42.0,2217100.0
2014-12-29T08:00:00+08:00,42.1,42.1,42.9,4683600.0
2014-09-01T08:00:00+08:00,38.0,37.9,38.0,2753400.0
2014-09-02T08:00:00+08:00,38.05,37.5,37.55,2903700.0
2014-09-03T08:00:00+08:00,37.95,37.9,38.15,1895900.0
2014-09-04T08:00:00+08:00,38.15,38.1,38.4,3423400.0
2014-09-05T08:00:00+08:00,38.3,38.3,38.95,3666100.0
2014-09-08T08:00:00+08:00,38.95,38.8,38.8,2388200.0
2014-09-09T08:00:00+08:00,38.9,38.7,38.75,2055300.0
2014-09-10T08:00:00+08:00,38.75,38.5,38.6,1457800.0
2014-09-11T08:00:00+08:00,38.7,38.6,38.6,923500.0
2014-09-12T08:00:00+08:00,38.6,38.6,38.95,5138100.0
2014-09-15T08:00:00+08:00,38.95,38.65,38.95,5317600.0
2014-09-16T08:00:00+08:00,38.95,38.8,39.55,6539000.0
2014-09-17T08:00:00+08:00,39.55,39.55,39.9,3597100.0
2014-09-18T08:00:00+08:00,39.9,39.5,40.15,2468300.0
2014-09-22T08:00:00+08:00,39.85,39.5,40.15,3195700.0
2014-09-23T08:00:00+08:00,39.55,39.55,39.9,2290400.0
2014-09-24T08:00:00+08:00,40.1,39.6,39.75,1078100.0
2014-09-25T08:00:00+08:00,39.75,39.6,39.75,946200.0
2014-09-26T08:00:00+08:00,39.75,38.95,39.5,1835200.0
2014-09-29T08:00:00+08:00,39.7,39.5,40.2,2423400.0
2014-09-30T08:00:00+08:00,40.25,39.75,40.75,4834600.0
2014-10-01T08:00:00+08:00,40.6,40.0,41.1,4247000.0
2014-10-02T08:00:00+08:00,40.75,40.3,40.9,14322200.0
2014-10-03T08:00:00+08:00,40.8,40.6,41.0,2780500.0
2014-10-07T08:00:00+08:00,41.1,41.0,41.1,3678600.0
2014-10-08T08:00:00+08:00,41.05,40.85,41.05,3118100.0
2014-10-09T08:00:00+08:00,41.05,40.95,41.0,3222800.0
2014-10-10T08:00:00+08:00,40.8,40.0,41.3,2485700.0
2014-10-13T08:00:00+08:00,40.1,39.8,40.15,2789100.0
2014-10-14T08:00:00+08:00,39.85,38.9,39.95,7464000.0
2014-10-15T08:00:00+08:00,39.4,39.4,40.1,4399100.0
2014-10-16T08:00:00+08:00,39.9,39.65,40.45,5549500.0
2014-10-17T08:00:00+08:00,40.45,38.45,39.0,16231100.0
2014-10-20T08:00:00+08:00,39.1,39.1,39.4,2459300.0
2014-10-21T08:00:00+08:00,39.4,39.4,39.95,2952300.0
2014-10-22T08:00:00+08:00,40.0,39.95,40.5,2091200.0
2014-10-23T08:00:00+08:00,40.5,40.0,40.5,2047600.0
2014-10-24T08:00:00+08:00,40.7,40.05,40.45,1920400.0
2014-10-27T08:00:00+08:00,40.45,40.1,40.25,1727600.0
2014-10-28T08:00:00+08:00,40.25,40.0,40.45,2531600.0
2014-10-29T08:00:00+08:00,40.35,39.95,40.4,1785700.0
2014-10-30T08:00:00+08:00,40.3,39.95,40.6,2008500.0
2014-10-31T08:00:00+08:00,40.7,40.45,41.0,2142900.0
2014-11-03T08:00:00+08:00,41.1,40.6,40.95,1901400.0
2014-11-04T08:00:00+08:00,40.95,40.75,40.95,1802700.0
2014-11-05T08:00:00+08:00,41.0,40.75,40.9,2998500.0
2014-11-06T08:00:00+08:00,40.8,40.65,40.75,2520000.0
2014-11-07T08:00:00+08:00,40.6,40.6,40.75,1886900.0
2014-11-10T08:00:00+08:00,40.9,40.6,40.7,2939100.0
2014-11-11T08:00:00+08:00,40.85,40.25,40.5,3422900.0
2014-11-12T08:00:00+08:00,40.55,40.3,40.95,3165400.0
2014-11-13T08:00:00+08:00,40.9,40.2,41.0,3958800.0
2014-11-14T08:00:00+08:00,40.9,40.85,41.1,5365000.0
2014-11-17T08:00:00+08:00,41.05,41.05,41.45,4564100.0
2014-11-18T08:00:00+08:00,41.45,41.35,41.45,3892400.0
2014-11-19T08:00:00+08:00,41.7,41.4,41.5,2992400.0
2014-11-20T08:00:00+08:00,41.5,40.95,41.4,3381200.0
2014-11-21T08:00:00+08:00,41.4,41.4,41.85,2919500.0
2014-11-24T08:00:00+08:00,41.95,41.8,41.85,3609100.0
2014-11-25T08:00:00+08:00,41.8,41.3,41.6,17905500.0
2014-11-26T08:00:00+08:00,41.7,41.7,42.75,3119600.0
2014-11-27T08:00:00+08:00,43.0,41.8,42.25,897800.0
2014-11-28T08:00:00+08:00,42.25,41.9,42.2,905200.0
2014-12-01T08:00:00+08:00,42.2,42.1,42.4,3873500.0
2014-12-02T08:00:00+08:00,42.4,42.1,42.9,7339400.0
2014-12-03T08:00:00+08:00,42.85,42.8,42.8,1765200.0
2014-12-04T08:00:00+08:00,42.75,42.45,42.65,1751600.0
2014-12-05T08:00:00+08:00,42.0,41.4,42.0,3682200.0
2014-12-09T08:00:00+08:00,41.5,41.5,41.8,1354800.0
2014-12-10T08:00:00+08:00,41.3,41.2,42.4,1392100.0
2014-12-11T08:00:00+08:00,41.8,41.2,42.4,2319400.0
2014-12-12T08:00:00+08:00,42.2,41.85,42.85,1647900.0
2014-12-15T08:00:00+08:00,41.4,41.25,42.5,3319100.0
2014-12-16T08:00:00+08:00,42.5,42.0,42.1,1948800.0
2014-12-17T08:00:00+08:00,42.4,40.6,40.8,12624500.0
2014-12-18T08:00:00+08:00,41.0,40.2,41.9,3659400.0
2014-12-19T08:00:00+08:00,41.9,41.9,42.4,3469500.0
2014-12-22T08:00:00+08:00,42.15,42.0,42.05,1313700.0
2014-12-23T08:00:00+08:00,42.0,42.0,42.0,2217100.0
2014-12-29T08:00:00+08:00,42.1,42.1,42.9,4683600.0
2015-01-05T08:00:00+08:00,42.6,42.6,42.95,1517200.0
2015-01-06T08:00:00+08:00,42.75,42.2,42.8,1816000.0
2015-01-07T08:00:00+08:00,42.25,42.25,42.55,1091000.0
2015-01-08T08:00:00+08:00,42.25,42.25,42.45,2038600.0
2015-01-09T08:00:00+08:00,42.45,42.25,42.6,2262100.0
2015-01-12T08:00:00+08:00,42.55,42.25,42.55,1791800.0
2015-01-13T08:00:00+08:00,42.85,42.5,42.65,1632400.0
2015-01-14T08:00:00+08:00,42.65,42.6,42.85,4919300.0
2015-01-19T08:00:00+08:00,43.0,42.55,42.7,998900.0
2015-01-20T08:00:00+08:00,42.45,42.1,42.2,2309800.0
2015-01-21T08:00:00+08:00,42.5,42.2,42.35,2236500.0
2015-01-22T08:00:00+08:00,42.1,42.1,42.4,1003600.0
2015-01-23T08:00:00+08:00,42.8,42.5,42.7,4432600.0
2015-01-26T08:00:00+08:00,42.7,42.6,42.8,5103100.0
2015-01-27T08:00:00+08:00,42.8,42.8,45.0,5860600.0
2015-01-28T08:00:00+08:00,44.95,44.35,44.95,3188200.0
2015-01-29T08:00:00+08:00,44.35,43.65,44.15,5324000.0
2015-01-30T08:00:00+08:00,44.2,44.1,44.5,3309000.0
2015-02-02T08:00:00+08:00,44.5,43.5,44.0,1682000.0
2015-02-03T08:00:00+08:00,44.0,43.85,44.4,4189000.0
2015-02-04T08:00:00+08:00,44.1,44.1,44.95,3121000.0
2015-02-05T08:00:00+08:00,44.9,44.35,45.1,3002900.0
2015-02-06T08:00:00+08:00,44.3,44.3,45.5,5761000.0
2015-02-09T08:00:00+08:00,44.8,44.3,44.9,799700.0
2015-02-10T08:00:00+08:00,45.0,45.0,45.3,4108500.0
2015-02-11T08:00:00+08:00,45.5,44.0,44.4,2981800.0
2015-02-12T08:00:00+08:00,44.1,44.1,44.5,1595000.0
2015-02-13T08:00:00+08:00,44.9,44.5,45.0,2680700.0
2015-02-16T08:00:00+08:00,45.0,44.45,44.5,532200.0
2015-02-17T08:00:00+08:00,44.3,44.3,44.5,1543100.0
2015-02-18T08:00:00+08:00,44.3,44.3,44.5,2276300.0
2015-02-20T08:00:00+08:00,44.5,44.45,44.65,3825000.0
2015-02-23T08:00:00+08:00,45.4,44.5,44.75,1484500.0
2015-02-24T08:00:00+08:00,44.5,44.4,44.9,1651500.0
2015-02-25T08:00:00+08:00,45.0,44.65,44.8,3250300.0
2015-02-26T08:00:00+08:00,44.5,43.95,44.0,3375200.0
2015-02-27T08:00:00+08:00,44.7,44.2,44.4,2806400.0
2015-03-02T08:00:00+08:00,44.4,44.4,44.7,1279500.0
2015-03-03T08:00:00+08:00,44.2,44.2,44.4,2929400.0
2015-03-04T08:00:00+08:00,44.25,44.0,44.3,2933100.0
2015-03-05T08:00:00+08:00,44.3,44.3,44.4,763800.0
2015-03-06T08:00:00+08:00,44.5,44.5,45.8,2975000.0
2015-03-09T08:00:00+08:00,45.6,45.4,45.4,1247600.0
2015-03-10T08:00:00+08:00,45.5,45.4,45.4,2762600.0
2015-03-11T08:00:00+08:00,45.4,45.25,45.4,2379100.0
2015-03-12T08:00:00+08:00,45.5,45.4,45.5,3859500.0
2015-03-13T08:00:00+08:00,45.55,45.55,45.9,2499200.0
2015-03-16T08:00:00+08:00,45.9,45.9,46.15,3540700.0
2015-03-17T08:00:00+08:00,46.15,46.15,46.5,9903900.0
2015-03-18T08:00:00+08:00,46.5,46.0,46.05,5756700.0
2015-03-19T08:00:00+08:00,45.0,44.7,44.85,5199100.0
2015-03-20T08:00:00+08:00,44.5,44.25,45.2,3177600.0
2015-03-23T08:00:00+08:00,45.3,45.15,45.2,4250700.0
2015-03-24T08:00:00+08:00,45.2,44.75,45.3,840500.0
2015-03-25T08:00:00+08:00,45.1,45.1,45.4,2276900.0
2015-03-26T08:00:00+08:00,44.9,44.9,45.4,1333200.0
2015-03-27T08:00:00+08:00,45.7,44.5,44.5,4034100.0
2015-03-30T08:00:00+08:00,45.0,43.8,43.8,2661000.0
2015-03-31T08:00:00+08:00,44.6,44.5,44.5,2653000.0
2015-04-01T08:00:00+08:00,44.0,44.0,44.75,779800.0
2015-04-06T08:00:00+08:00,44.75,44.65,44.75,739200.0
2015-04-07T08:00:00+08:00,44.7,44.7,45.25,2028100.0
2015-04-08T08:00:00+08:00,44.75,44.5,45.2,1628700.0
2015-04-10T08:00:00+08:00,45.2,44.2,45.0,3219400.0
2015-04-13T08:00:00+08:00,44.6,43.35,43.8,6014400.0
2015-04-14T08:00:00+08:00,44.0,43.7,44.0,3959500.0
2015-04-15T08:00:00+08:00,44.0,43.15,43.25,4969200.0
2015-04-16T08:00:00+08:00,43.2,40.8,41.5,8362900.0
2015-04-17T08:00:00+08:00,42.1,42.1,42.5,2676300.0
2015-04-20T08:00:00+08:00,42.3,41.6,42.0,5527400.0
2015-04-21T08:00:00+08:00,42.2,41.9,42.0,2023800.0
2015-04-22T08:00:00+08:00,42.0,41.9,42.0,5795500.0
2015-04-23T08:00:00+08:00,42.4,42.3,42.4,5208300.0
2015-04-24T08:00:00+08:00,42.5,42.5,43.5,4019700.0
2015-04-27T08:00:00+08:00,43.1,43.1,43.4,3228800.0
2015-04-28T08:00:00+08:00,43.05,42.85,43.15,3635300.0
2015-04-29T08:00:00+08:00,43.0,42.9,43.0,4808600.0
2015-04-30T08:00:00+08:00,43.15,42.3,42.95,3220400.0
2015-05-04T08:00:00+08:00,43.0,42.95,43.3,3274400.0
2015-05-05T08:00:00+08:00,43.35,43.3,43.65,2332600.0
2015-05-06T08:00:00+08:00,43.6,43.3,43.6,2433800.0
2015-05-07T08:00:00+08:00,43.05,42.25,43.05,2475300.0
2015-05-08T08:00:00+08:00,42.6,42.0,42.0,2288700.0
2015-05-11T08:00:00+08:00,42.05,42.05,42.3,2266100.0
2015-05-12T08:00:00+08:00,42.05,42.0,42.3,1333600.0
2015-05-13T08:00:00+08:00,42.05,42.05,42.3,861700.0
2015-05-14T08:00:00+08:00,42.05,42.05,42.4,2323000.0
2015-05-15T08:00:00+08:00,42.15,42.15,42.35,3450500.0
2015-05-18T08:00:00+08:00,42.35,42.2,43.1,3804500.0
2015-05-19T08:00:00+08:00,43.0,43.0,43.4,2131900.0
2015-05-20T08:00:00+08:00,43.4,43.4,44.0,2446000.0
2015-05-21T08:00:00+08:00,43.95,43.45,43.6,3976700.0
2015-05-22T08:00:00+08:00,43.95,42.9,43.15,2538000.0
2015-05-25T08:00:00+08:00,43.25,42.85,42.9,1551800.0
2015-05-26T08:00:00+08:00,42.8,42.5,42.5,1982400.0
2015-05-27T08:00:00+08:00,42.5,42.3,42.3,3108300.0
2015-05-28T08:00:00+08:00,42.3,42.1,42.45,3047600.0
2015-05-29T08:00:00+08:00,42.15,42.15,43.0,6233500.0
2015-06-01T08:00:00+08:00,42.95,42.35,43.0,2300000.0
2015-06-02T08:00:00+08:00,42.45,42.35,43.0,1508400.0
2015-06-03T08:00:00+08:00,42.4,42.4,43.0,2204100.0
2015-06-04T08:00:00+08:00,43.5,42.7,43.1,1262200.0
2015-06-05T08:00:00+08:00,42.7,42.5,42.75,821000.0
2015-06-08T08:00:00+08:00,43.5,42.8,43.1,1745100.0
2015-06-09T08:00:00+08:00,42.75,42.35,43.1,3237000.0
2015-06-10T08:00:00+08:00,43.1,43.0,43.25,2309400.0
2015-06-11T08:00:00+08:00,43.2,43.2,44.4,3421500.0
2015-06-15T08:00:00+08:00,44.55,43.8,44.0,2494500.0
2015-06-16T08:00:00+08:00,44.0,43.75,43.8,1363400.0
2015-06-17T08:00:00+08:00,43.8,43.7,44.5,2390200.0
2015-06-18T08:00:00+08:00,44.5,44.2,44.45,1893000.0
2015-06-19T08:00:00+08:00,44.5,44.5,44.95,3276200.0
2015-06-22T08:00:00+08:00,44.65,44.6,44.8,924900.0
2015-06-23T08:00:00+08:00,44.8,44.5,44.5,1208700.0
2015-06-24T08:00:00+08:00,44.5,44.5,45.0,1525200.0
2015-06-25T08:00:00+08:00,44.95,44.0,44.0,1447500.0
2015-06-26T08:00:00+08:00,44.85,44.65,44.8,1925800.0
2015-06-29T08:00:00+08:00,44.95,44.05,45.0,2646100.0
2015-06-30T08:00:00+08:00,44.9,44.6,45.5,4801700.0
2015-07-01T08:00:00+08:00,44.55,44.5,45.75,1755300.0
2015-07-02T08:00:00+08:00,45.95,44.6,44.75,3262800.0
2015-07-03T08:00:00+08:00,44.7,43.9,44.0,2701500.0
2015-07-06T08:00:00+08:00,44.8,43.6,43.6,1552100.0
2015-07-07T08:00:00+08:00,43.8,43.5,43.7,3112000.0
2015-07-08T08:00:00+08:00,43.6,42.7,42.7,1258500.0
2015-07-09T08:00:00+08:00,42.75,42.25,42.55,2770600.0
2015-07-10T08:00:00+08:00,42.35,42.25,43.4,1563300.0
2015-07-13T08:00:00+08:00,43.5,42.6,43.15,1276200.0
2015-07-14T08:00:00+08:00,43.15,43.15,43.6,920300.0
2015-07-15T08:00:00+08:00,43.65,43.45,44.15,1788500.0
2015-07-16T08:00:00+08:00,44.2,44.1,44.65,3454500.0
2015-07-20T08:00:00+08:00,44.65,43.75,43.75,1122600.0
2015-07-21T08:00:00+08:00,43.75,43.75,44.5,1178900.0
2015-07-22T08:00:00+08:00,44.7,44.0,44.6,1419100.0
2015-07-23T08:00:00+08:00,44.0,44.0,45.0,1612500.0
2015-07-24T08:00:00+08:00,45.0,44.0,45.0,1986600.0
2015-07-27T08:00:00+08:00,44.55,43.85,44.5,744600.0
2015-07-28T08:00:00+08:00,44.0,43.75,43.85,2296600.0
2015-07-29T08:00:00+08:00,43.85,43.85,43.95,2027700.0
2015-07-30T08:00:00+08:00,44.0,43.8,43.85,8152700.0
2015-07-31T08:00:00+08:00,43.8,43.65,43.7,2535200.0
2015-08-03T08:00:00+08:00,43.7,43.2,43.3,2749500.0
2015-08-04T08:00:00+08:00,43.3,43.1,43.3,2208500.0
2015-08-05T08:00:00+08:00,43.25,43.15,43.35,925900.0
2015-08-06T08:00:00+08:00,43.35,43.15,43.45,2462000.0
2015-08-07T08:00:00+08:00,43.45,41.85,42.95,2031200.0
2015-08-10T08:00:00+08:00,42.95,42.65,42.95,1376400.0
2015-08-11T08:00:00+08:00,42.65,42.6,43.05,4224600.0
2015-08-12T08:00:00+08:00,42.55,42.5,43.15,1863800.0
2015-08-13T08:00:00+08:00,42.8,42.0,42.65,2241600.0
2015-08-14T08:00:00+08:00,42.5,42.25,43.0,1456300.0
2015-08-17T08:00:00+08:00,42.3,42.2,43.5,1849400.0
2015-08-18T08:00:00+08:00,43.4,42.6,43.5,1843500.0
2015-08-19T08:00:00+08:00,42.6,42.6,43.75,1654500.0
2015-08-20T08:00:00+08:00,43.35,42.95,43.9,2063300.0
2015-08-24T08:00:00+08:00,42.5,40.5,42.0,4453600.0
2015-08-25T08:00:00+08:00,41.0,40.0,42.0,2970000.0
2015-08-26T08:00:00+08:00,42.0,40.9,42.5,7802300.0
2015-08-27T08:00:00+08:00,42.8,42.05,42.55,2936200.0
2015-08-28T08:00:00+08:00,42.55,42.55,43.25,1760200.0
2015-09-01T08:00:00+08:00,42.9,42.6,43.25,2978400.0
2015-09-02T08:00:00+08:00,43.0,42.0,43.5,4085500.0
2015-09-03T08:00:00+08:00,43.5,42.5,43.5,2122000.0
2015-09-04T08:00:00+08:00,43.45,43.45,43.5,2344100.0
2015-09-07T08:00:00+08:00,43.5,42.55,43.5,918000.0
2015-09-08T08:00:00+08:00,43.5,43.15,43.35,2532100.0
2015-09-09T08:00:00+08:00,43.5,43.05,43.25,2355800.0
2015-09-10T08:00:00+08:00,43.5,43.15,43.15,1346500.0
2015-09-11T08:00:00+08:00,43.55,42.9,42.9,752600.0
2015-09-14T08:00:00+08:00,42.9,42.9,43.3,955700.0
2015-09-15T08:00:00+08:00,43.3,43.2,43.3,1694000.0
2015-09-16T08:00:00+08:00,42.65,42.65,43.2,1749100.0
2015-09-17T08:00:00+08:00,43.2,43.1,43.4,2180600.0
2015-09-18T08:00:00+08:00,43.05,42.7,42.7,4660500.0
2015-09-21T08:00:00+08:00,43.5,42.95,43.05,3094100.0
2015-09-22T08:00:00+08:00,43.1,42.8,43.05,2486800.0
2015-09-23T08:00:00+08:00,43.05,42.65,42.95,893000.0
2015-09-24T08:00:00+08:00,43.0,42.55,43.5,2461200.0
2015-09-28T08:00:00+08:00,43.5,42.2,42.2,1435000.0
2015-09-29T08:00:00+08:00,42.2,42.0,42.7,1411100.0
2015-09-30T08:00:00+08:00,43.2,43.2,43.2,1972000.0
2015-10-01T08:00:00+08:00,43.25,43.25,43.35,686000.0
2015-10-02T08:00:00+08:00,43.25,43.25,43.5,1051100.0
2015-10-05T08:00:00+08:00,43.5,43.2,43.5,1862600.0
2015-10-06T08:00:00+08:00,43.45,42.65,43.9,2294000.0
2015-10-07T08:00:00+08:00,43.0,43.0,43.45,2374600.0
2015-10-08T08:00:00+08:00,43.45,43.15,43.4,704700.0
2015-10-09T08:00:00+08:00,43.55,43.15,43.5,495600.0
2015-10-12T08:00:00+08:00,43.55,42.85,43.2,2248800.0
2015-10-13T08:00:00+08:00,43.4,42.0,42.2,4239300.0
2015-10-14T08:00:00+08:00,42.15,41.0,41.8,2207700.0
2015-10-15T08:00:00+08:00,41.8,41.2,41.35,3049600.0
2015-10-16T08:00:00+08:00,41.5,40.55,40.85,5891100.0
2015-10-19T08:00:00+08:00,40.85,40.85,41.95,2261800.0
2015-10-20T08:00:00+08:00,42.0,40.5,40.85,8503300.0
2015-10-21T08:00:00+08:00,40.9,40.85,40.85,6754600.0
2015-10-22T08:00:00+08:00,40.85,40.85,41.95,1373900.0
2015-10-23T08:00:00+08:00,42.0,41.95,42.6,1746900.0
2015-10-26T08:00:00+08:00,42.85,41.75,42.65,3749300.0
2015-10-27T08:00:00+08:00,42.65,42.15,42.4,1510000.0
2015-10-28T08:00:00+08:00,42.35,41.25,41.9,937500.0
2015-10-29T08:00:00+08:00,42.0,41.9,42.05,1751500.0
2015-10-30T08:00:00+08:00,41.9,41.75,42.0,884200.0
2015-11-02T08:00:00+08:00,41.95,41.3,42.1,1753900.0
2015-11-03T08:00:00+08:00,42.1,42.1,42.45,842700.0
2015-11-04T08:00:00+08:00,42.2,41.05,41.6,1712000.0
2015-11-05T08:00:00+08:00,41.2,41.1,41.4,632500.0
2015-11-06T08:00:00+08:00,41.5,41.15,41.3,1705800.0
2015-11-09T08:00:00+08:00,41.3,40.95,41.5,967900.0
2015-11-10T08:00:00+08:00,41.0,40.85,40.85,1937900.0
2015-11-11T08:00:00+08:00,40.85,40.5,41.0,2133900.0
2015-11-12T08:00:00+08:00,41.0,40.4,40.4,7886900.0
2015-11-13T08:00:00+08:00,40.35,40.0,40.9,1047000.0
2015-11-16T08:00:00+08:00,40.85,40.0,41.3,1372400.0
2015-11-17T08:00:00+08:00,41.3,40.2,41.6,2205100.0
2015-11-20T08:00:00+08:00,41.25,41.15,42.0,5090200.0
2015-11-23T08:00:00+08:00,42.0,41.0,42.1,2016700.0
2015-11-24T08:00:00+08:00,42.1,41.5,42.05,2236700.0
2015-11-25T08:00:00+08:00,42.05,42.05,42.7,3962300.0
2015-11-26T08:00:00+08:00,42.9,42.6,42.7,3142500.0
2015-11-27T08:00:00+08:00,42.65,41.3,42.0,11473700.0
2015-12-01T08:00:00+08:00,42.0,41.0,41.7,4304300.0
2015-12-02T08:00:00+08:00,41.0,41.0,41.3,5782500.0
2015-12-03T08:00:00+08:00,41.4,40.6,40.6,3111200.0
2015-12-04T08:00:00+08:00,40.6,40.35,40.6,2048300.0
2015-12-07T08:00:00+08:00,40.7,40.2,40.2,2246500.0
2015-12-08T08:00:00+08:00,40.1,39.9,39.9,3444400.0
2015-12-09T08:00:00+08:00,39.8,39.8,40.0,2142600.0
2015-12-10T08:00:00+08:00,40.05,40.0,40.1,2677500.0
2015-12-11T08:00:00+08:00,40.1,39.9,40.0,4703700.0
2015-12-14T08:00:00+08:00,39.2,38.4,39.1,2337500.0
2015-12-15T08:00:00+08:00,39.0,39.0,39.3,3094300.0
2015-12-16T08:00:00+08:00,39.3,39.2,40.1,2020400.0
2015-12-17T08:00:00+08:00,40.0,39.95,40.5,2986500.0
2015-12-18T08:00:00+08:00,40.15,40.0,40.5,2418500.0
2015-12-21T08:00:00+08:00,40.5,39.65,39.75,7315600.0
2015-12-22T08:00:00+08:00,40.4,39.75,40.5,2088900.0
2015-12-23T08:00:00+08:00,40.75,40.5,41.35,3838200.0
2015-12-28T08:00:00+08:00,40.6,40.6,41.5,706800.0
2015-12-29T08:00:00+08:00,41.5,41.25,41.7,1684200.0
2015-09-01T08:00:00+08:00,42.9,42.6,43.25,2978400.0
2015-09-02T08:00:00+08:00,43.0,42.0,43.5,4085500.0
2015-09-03T08:00:00+08:00,43.5,42.5,43.5,2122000.0
2015-09-04T08:00:00+08:00,43.45,43.45,43.5,2344100.0
2015-09-07T08:00:00+08:00,43.5,42.55,43.5,918000.0
2015-09-08T08:00:00+08:00,43.5,43.15,43.35,2532100.0
2015-09-09T08:00:00+08:00,43.5,43.05,43.25,2355800.0
2015-09-10T08:00:00+08:00,43.5,43.15,43.15,1346500.0
2015-09-11T08:00:00+08:00,43.55,42.9,42.9,752600.0
2015-09-14T08:00:00+08:00,42.9,42.9,43.3,955700.0
2015-09-15T08:00:00+08:00,43.3,43.2,43.3,1694000.0
2015-09-16T08:00:00+08:00,42.65,42.65,43.2,1749100.0
2015-09-17T08:00:00+08:00,43.2,43.1,43.4,2180600.0
2015-09-18T08:00:00+08:00,43.05,42.7,42.7,4660500.0
2015-09-21T08:00:00+08:00,43.5,42.95,43.05,3094100.0
2015-09-22T08:00:00+08:00,43.1,42.8,43.05,2486800.0
2015-09-23T08:00:00+08:00,43.05,42.65,42.95,893000.0
2015-09-24T08:00:00+08:00,43.0,42.55,43.5,2461200.0
2015-09-28T08:00:00+08:00,43.5,42.2,42.2,1435000.0
2015-09-29T08:00:00+08:00,42.2,42.0,42.7,1411100.0
2015-09-30T08:00:00+08:00,43.2,43.2,43.2,1972000.0
2015-10-01T08:00:00+08:00,43.25,43.25,43.35,686000.0
2015-10-02T08:00:00+08:00,43.25,43.25,43.5,1051100.0
2015-10-05T08:00:00+08:00,43.5,43.2,43.5,1862600.0
2015-10-06T08:00:00+08:00,43.45,42.65,43.9,2294000.0
2015-10-07T08:00:00+08:00,43.0,43.0,43.45,2374600.0
2015-10-08T08:00:00+08:00,43.45,43.15,43.4,704700.0
2015-10-09T08:00:00+08:00,43.55,43.15,43.5,495600.0
2015-10-12T08:00:00+08:00,43.55,42.85,43.2,2248800.0
2015-10-13T08:00:00+08:00,43.4,42.0,42.2,4239300.0
2015-10-14T08:00:00+08:00,42.15,41.0,41.8,2207700.0
2015-10-15T08:00:00+08:00,41.8,41.2,41.35,3049600.0
2015-10-16T08:00:00+08:00,41.5,40.55,40.85,5891100.0
2015-10-19T08:00:00+08:00,40.85,40.85,41.95,2261800.0
2015-10-20T08:00:00+08:00,42.0,40.5,40.85,8503300.0
2015-10-21T08:00:00+08:00,40.9,40.85,40.85,6754600.0
2015-10-22T08:00:00+08:00,40.85,40.85,41.95,1373900.0
2015-10-23T08:00:00+08:00,42.0,41.95,42.6,1746900.0
2015-10-26T08:00:00+08:00,42.85,41.75,42.65,3749300.0
2015-10-27T08:00:00+08:00,42.65,42.15,42.4,1510000.0
2015-10-28T08:00:00+08:00,42.35,41.25,41.9,937500.0
2015-10-29T08:00:00+08:00,42.0,41.9,42.05,1751500.0
2015-10-30T08:00:00+08:00,41.9,41.75,42.0,884200.0
2015-11-02T08:00:00+08:00,41.95,41.3,42.1,1753900.0
2015-11-03T08:00:00+08:00,42.1,42.1,42.45,842700.0
2015-11-04T08:00:00+08:00,42.2,41.05,41.6,1712000.0
2015-11-05T08:00:00+08:00,41.2,41.1,41.4,632500.0
2015-11-06T08:00:00+08:00,41.5,41.15,41.3,1705800.0
2015-11-09T08:00:00+08:00,41.3,40.95,41.5,967900.0
2015-11-10T08:00:00+08:00,41.0,40.85,40.85,1937900.0
2015-11-11T08:00:00+08:00,40.85,40.5,41.0,2133900.0
2015-11-12T08:00:00+08:00,41.0,40.4,40.4,7886900.0
2015-11-13T08:00:00+08:00,40.35,40.0,40.9,1047000.0
2015-11-16T08:00:00+08:00,40.85,40.0,41.3,1372400.0
2015-11-17T08:00:00+08:00,41.3,40.2,41.6,2205100.0
2015-11-20T08:00:00+08:00,41.25,41.15,42.0,5090200.0
2015-11-23T08:00:00+08:00,42.0,41.0,42.1,2016700.0
2015-11-24T08:00:00+08:00,42.1,41.5,42.05,2236700.0
2015-11-25T08:00:00+08:00,42.05,42.05,42.7,3962300.0
2015-11-26T08:00:00+08:00,42.9,42.6,42.7,3142500.0
2015-11-27T08:00:00+08:00,42.65,41.3,42.0,11473700.0
2015-12-01T08:00:00+08:00,42.0,41.0,41.7,4304300.0
2015-12-02T08:00:00+08:00,41.0,41.0,41.3,5782500.0
2015-12-03T08:00:00+08:00,41.4,40.6,40.6,3111200.0
2015-12-04T08:00:00+08:00,40.6,40.35,40.6,2048300.0
2015-12-07T08:00:00+08:00,40.7,40.2,40.2,2246500.0
2015-12-08T08:00:00+08:00,40.1,39.9,39.9,3444400.0
2015-12-09T08:00:00+08:00,39.8,39.8,40.0,2142600.0
2015-12-10T08:00:00+08:00,40.05,40.0,40.1,2677500.0
2015-12-11T08:00:00+08:00,40.1,39.9,40.0,4703700.0
2015-12-14T08:00:00+08:00,39.2,38.4,39.1,2337500.0
2015-12-15T08:00:00+08:00,39.0,39.0,39.3,3094300.0
2015-12-16T08:00:00+08:00,39.3,39.2,40.1,2020400.0
2015-12-17T08:00:00+08:00,40.0,39.95,40.5,2986500.0
2015-12-18T08:00:00+08:00,40.15,40.0,40.5,2418500.0
2015-12-21T08:00:00+08:00,40.5,39.65,39.75,7315600.0
2015-12-22T08:00:00+08:00,40.4,39.75,40.5,2088900.0
2015-12-23T08:00:00+08:00,40.75,40.5,41.35,3838200.0
2015-12-28T08:00:00+08:00,40.6,40.6,41.5,706800.0
2015-12-29T08:00:00+08:00,41.5,41.25,41.7,1684200.0
2016-01-04T08:00:00+08:00,41.5,41.0,41.2,482500.0
2016-01-05T08:00:00+08:00,41.0,40.95,41.9,3198400.0
2016-01-06T08:00:00+08:00,42.0,41.9,41.9,897600.0
2016-01-07T08:00:00+08:00,41.9,40.7,40.8,658900.0
2016-01-08T08:00:00+08:00,40.5,40.5,40.9,1045200.0
2016-01-11T08:00:00+08:00,40.5,39.4,39.4,2224300.0
2016-01-12T08:00:00+08:00,39.5,39.5,39.95,1483200.0
2016-01-13T08:00:00+08:00,40.5,39.95,40.5,488300.0
2016-01-14T08:00:00+08:00,39.85,39.85,40.45,2212500.0
2016-01-15T08:00:00+08:00,40.65,39.95,39.95,1086200.0
2016-01-18T08:00:00+08:00,39.5,39.2,40.25,1037800.0
2016-01-19T08:00:00+08:00,39.6,39.6,40.0,329900.0
2016-01-20T08:00:00+08:00,40.3,40.05,40.5,1302000.0
2016-01-21T08:00:00+08:00,40.5,39.8,40.05,1390900.0
2016-01-22T08:00:00+08:00,40.15,39.8,40.55,677700.0
2016-01-25T08:00:00+08:00,40.7,39.95,41.0,1729400.0
2016-01-26T08:00:00+08:00,40.0,39.85,39.85,946500.0
2016-01-27T08:00:00+08:00,39.95,39.95,41.1,1300100.0
2016-01-28T08:00:00+08:00,41.1,40.3,41.35,1360600.0
2016-01-29T08:00:00+08:00,41.35,41.35,41.6,3591500.0
2016-02-01T08:00:00+08:00,41.6,41.4,41.75,3970500.0
2016-02-02T08:00:00+08:00,41.0,41.0,41.5,10284700.0
2016-02-03T08:00:00+08:00,41.5,40.3,41.15,1492200.0
2016-02-04T08:00:00+08:00,41.2,41.2,41.85,1582000.0
2016-02-05T08:00:00+08:00,42.0,41.95,42.2,3521900.0
2016-02-09T08:00:00+08:00,42.0,41.5,42.0,109000.0
2016-02-10T08:00:00+08:00,40.5,40.4,41.7,958700.0
2016-02-11T08:00:00+08:00,41.7,41.7,42.0,657800.0
2016-02-12T08:00:00+08:00,41.6,41.6,42.0,2500900.0
2016-02-15T08:00:00+08:00,42.0,41.55,42.0,3016000.0
2016-02-16T08:00:00+08:00,42.0,42.0,42.3,2700100.0
2016-02-17T08:00:00+08:00,42.5,42.3,42.4,3654200.0
2016-02-18T08:00:00+08:00,42.4,42.35,42.55,2263200.0
2016-02-19T08:00:00+08:00,42.55,42.5,42.95,1629900.0
2016-02-22T08:00:00+08:00,43.0,42.25,43.1,2083700.0
2016-02-23T08:00:00+08:00,43.1,42.55,43.0,1467600.0
2016-02-24T08:00:00+08:00,43.25,42.75,42.95,414900.0
2016-02-26T08:00:00+08:00,42.75,42.75,43.05,1984400.0
2016-02-29T08:00:00+08:00,42.75,42.75,42.95,3425200.0
2016-03-01T08:00:00+08:00,42.95,42.95,43.45,2698000.0
2016-03-02T08:00:00+08:00,43.5,43.4,43.55,3756600.0
2016-03-03T08:00:00+08:00,43.5,43.5,43.85,2224100.0
2016-03-04T08:00:00+08:00,43.85,43.55,43.55,971400.0
2016-03-07T08:00:00+08:00,44.0,43.85,43.95,1049700.0
2016-03-08T08:00:00+08:00,43.95,43.5,43.95,1355900.0
2016-03-09T08:00:00+08:00,43.95,43.75,43.95,2129000.0
2016-03-10T08:00:00+08:00,43.95,43.65,43.7,2379300.0
2016-03-11T08:00:00+08:00,43.7,43.7,43.9,3490200.0
2016-03-14T08:00:00+08:00,44.35,43.65,43.65,2235100.0
2016-03-15T08:00:00+08:00,43.8,43.5,43.55,1912900.0
2016-03-16T08:00:00+08:00,44.8,43.2,43.75,2337200.0
2016-03-17T08:00:00+08:00,43.55,42.5,43.9,2247100.0
2016-03-18T08:00:00+08:00,43.95,43.1,43.3,4499600.0
2016-03-21T08:00:00+08:00,44.45,43.45,43.45,1803000.0
2016-03-22T08:00:00+08:00,43.45,43.1,43.5,3492900.0
2016-03-23T08:00:00+08:00,43.5,43.35,43.55,2360400.0
2016-03-28T08:00:00+08:00,43.55,43.55,43.85,468000.0
2016-03-29T08:00:00+08:00,44.0,43.5,43.75,985500.0
2016-03-30T08:00:00+08:00,44.45,44.0,44.4,3344300.0
2016-03-31T08:00:00+08:00,44.4,43.8,43.95,3586500.0
2016-04-01T08:00:00+08:00,44.2,43.25,43.5,705900.0
2016-04-04T08:00:00+08:00,43.5,43.3,43.35,496300.0
2016-04-05T08:00:00+08:00,43.85,42.75,43.05,920000.0
2016-04-06T08:00:00+08:00,43.05,42.75,42.8,1208000.0
2016-04-07T08:00:00+08:00,43.0,42.8,43.1,2037400.0
2016-04-08T08:00:00+08:00,43.1,43.0,43.1,2065800.0
2016-04-11T08:00:00+08:00,43.1,43.1,43.1,663700.0
2016-04-12T08:00:00+08:00,43.1,43.1,43.3,1598100.0
2016-04-13T08:00:00+08:00,43.8,43.35,43.5,2865700.0
2016-04-14T08:00:00+08:00,43.85,43.85,44.4,2758500.0
2016-04-15T08:00:00+08:00,44.4,43.5,44.35,1219400.0
2016-04-18T08:00:00+08:00,44.35,43.8,44.0,2245200.0
2016-04-19T08:00:00+08:00,44.0,43.75,44.0,1103600.0
2016-04-20T08:00:00+08:00,44.0,43.8,43.85,1682400.0
2016-04-21T08:00:00+08:00,43.9,43.9,44.15,2846600.0
2016-04-22T08:00:00+08:00,44.2,44.2,44.75,2461000.0
2016-04-25T08:00:00+08:00,44.75,44.2,44.6,1714500.0
2016-04-26T08:00:00+08:00,44.6,44.5,44.55,1272400.0
2016-04-27T08:00:00+08:00,44.4,44.4,44.5,2112900.0
2016-04-28T08:00:00+08:00,44.5,44.2,44.4,2452600.0
2016-04-29T08:00:00+08:00,44.4,44.4,44.9,3148300.0
2016-05-02T08:00:00+08:00,44.4,44.4,44.55,2571300.0
2016-05-03T08:00:00+08:00,44.55,44.55,44.55,794500.0
2016-05-04T08:00:00+08:00,44.4,44.25,45.5,2468400.0
2016-05-05T08:00:00+08:00,44.35,44.25,44.5,2152700.0
2016-05-06T08:00:00+08:00,44.3,43.7,44.05,2285700.0
2016-05-10T08:00:00+08:00,44.0,43.5,44.5,1593600.0
2016-05-11T08:00:00+08:00,44.6,43.55,45.4,2720500.0
2016-05-12T08:00:00+08:00,45.4,44.9,45.35,2499900.0
2016-05-13T08:00:00+08:00,45.5,45.4,47.0,2344300.0
2016-05-16T08:00:00+08:00,46.95,46.0,47.1,2164600.0
2016-05-17T08:00:00+08:00,47.1,46.6,46.8,883100.0
2016-05-18T08:00:00+08:00,46.6,46.35,46.8,1125800.0
2016-05-19T08:00:00+08:00,46.0,45.95,45.95,1929100.0
2016-05-20T08:00:00+08:00,45.5,44.05,45.2,1919600.0
2016-05-23T08:00:00+08:00,45.9,45.0,45.2,2321300.0
2016-05-24T08:00:00+08:00,45.0,44.9,45.75,3609000.0
2016-05-25T08:00:00+08:00,45.75,45.2,45.85,3318900.0
2016-05-26T08:00:00+08:00,45.35,45.35,45.4,3836800.0
2016-05-27T08:00:00+08:00,45.25,45.25,45.45,2029400.0
2016-05-30T08:00:00+08:00,45.45,45.45,46.5,3768600.0
2016-05-31T08:00:00+08:00,46.6,45.5,46.0,6404800.0
2016-06-01T08:00:00+08:00,46.6,45.7,46.1,2570900.0
2016-06-02T08:00:00+08:00,46.1,45.8,45.8,1881200.0
2016-06-03T08:00:00+08:00,46.3,45.6,45.6,1609200.0
2016-06-06T08:00:00+08:00,46.95,45.6,46.0,2258600.0
2016-06-07T08:00:00+08:00,47.2,46.25,48.9,5266000.0
2016-06-08T08:00:00+08:00,48.4,46.7,47.05,3450100.0
2016-06-09T08:00:00+08:00,47.05,46.4,46.55,1398200.0
2016-06-10T08:00:00+08:00,46.55,46.2,46.5,2910200.0
2016-06-13T08:00:00+08:00,46.2,45.8,46.3,1148800.0
2016-06-14T08:00:00+08:00,46.0,45.0,45.3,2950500.0
2016-06-15T08:00:00+08:00,45.3,45.3,45.35,1770800.0
2016-06-16T08:00:00+08:00,45.55,45.5,45.5,883200.0
2016-06-17T08:00:00+08:00,46.1,46.05,46.4,2812800.0
2016-06-20T08:00:00+08:00,46.5,46.2,46.25,480500.0
2016-06-21T08:00:00+08:00,46.55,46.35,46.9,2046800.0
2016-06-22T08:00:00+08:00,47.0,46.7,46.8,953900.0
2016-06-23T08:00:00+08:00,46.8,46.55,46.85,771300.0
2016-06-24T08:00:00+08:00,47.0,46.0,46.2,747100.0
2016-06-27T08:00:00+08:00,46.0,45.8,46.8,1114000.0
2016-06-28T08:00:00+08:00,46.5,46.0,46.25,1394800.0
2016-06-29T08:00:00+08:00,46.5,46.15,46.4,1125300.0
2016-06-30T08:00:00+08:00,46.5,45.8,46.05,4697000.0
2016-07-01T08:00:00+08:00,46.0,45.5,45.9,2415900.0
2016-07-04T08:00:00+08:00,45.9,44.5,45.0,3601600.0
2016-07-05T08:00:00+08:00,45.25,44.8,45.0,2362400.0
2016-07-07T08:00:00+08:00,45.0,44.9,44.95,2423200.0
2016-07-08T08:00:00+08:00,45.0,44.0,44.0,3428600.0
2016-07-11T08:00:00+08:00,45.2,44.0,44.3,4050100.0
2016-07-12T08:00:00+08:00,44.85,44.5,44.65,2147800.0
2016-07-13T08:00:00+08:00,45.0,44.8,44.95,1941000.0
2016-07-14T08:00:00+08:00,44.95,44.4,45.05,1136800.0
2016-07-15T08:00:00+08:00,45.25,45.05,45.4,2175000.0
2016-07-18T08:00:00+08:00,45.4,44.9,45.0,2686700.0
2016-07-19T08:00:00+08:00,45.2,45.1,45.25,1466800.0
2016-07-20T08:00:00+08:00,45.25,45.1,45.45,1911800.0
2016-07-21T08:00:00+08:00,45.45,45.25,46.65,2237700.0
2016-07-22T08:00:00+08:00,46.6,45.25,45.55,1745700.0
2016-07-25T08:00:00+08:00,45.6,44.05,44.05,2241100.0
2016-07-26T08:00:00+08:00,44.35,44.35,45.0,2239600.0
2016-07-27T08:00:00+08:00,45.0,44.5,45.2,1140100.0
2016-07-28T08:00:00+08:00,45.2,44.85,45.35,3218900.0
2016-07-29T08:00:00+08:00,45.25,45.0,45.25,1376300.0
2016-08-01T08:00:00+08:00,45.25,45.0,45.5,1722800.0
2016-08-02T08:00:00+08:00,45.0,45.0,45.45,1580100.0
2016-08-03T08:00:00+08:00,45.6,45.05,45.35,2299400.0
2016-08-04T08:00:00+08:00,45.35,45.2,45.4,1774900.0
2016-08-05T08:00:00+08:00,45.6,45.45,45.55,512400.0
2016-08-08T08:00:00+08:00,45.7,45.55,45.6,7088400.0
2016-08-09T08:00:00+08:00,45.65,45.65,46.0,1321100.0
2016-08-10T08:00:00+08:00,46.0,45.85,45.95,972800.0
2016-08-11T08:00:00+08:00,46.1,45.4,45.65,1210700.0
2016-08-12T08:00:00+08:00,45.9,45.65,45.85,1090300.0
2016-08-15T08:00:00+08:00,45.85,45.5,45.75,919700.0
2016-08-16T08:00:00+08:00,45.85,45.8,46.45,784200.0
2016-08-17T08:00:00+08:00,46.45,45.5,45.7,1354400.0
2016-08-18T08:00:00+08:00,45.85,45.6,45.85,1175100.0
2016-08-19T08:00:00+08:00,46.3,45.9,46.4,1255200.0
2016-08-22T08:00:00+08:00,46.5,46.0,46.15,1146500.0
2016-08-23T08:00:00+08:00,46.15,45.95,46.1,1735300.0
2016-08-24T08:00:00+08:00,46.1,45.7,45.9,1846800.0
2016-08-25T08:00:00+08:00,46.1,45.6,45.8,1165200.0
2016-08-26T08:00:00+08:00,45.8,45.6,45.65,6129900.0
2016-08-30T08:00:00+08:00,46.25,45.4,45.6,3646200.0
2016-08-31T08:00:00+08:00,45.6,45.5,45.5,2301200.0
2016-09-01T08:00:00+08:00,45.8,45.0,45.5,1056400.0
2016-09-02T08:00:00+08:00,45.5,45.45,45.95,2312700.0
2016-09-05T08:00:00+08:00,45.9,45.55,45.65,318900.0
2016-09-06T08:00:00+08:00,45.55,45.05,45.35,2458400.0
2016-09-07T08:00:00+08:00,45.05,44.7,45.0,1591700.0
2016-09-08T08:00:00+08:00,44.85,44.15,45.4,1683500.0
2016-09-09T08:00:00+08:00,45.65,44.5,44.5,1095100.0
2016-09-13T08:00:00+08:00,44.5,44.1,44.1,1067800.0
2016-09-14T08:00:00+08:00,44.1,44.1,44.65,1112200.0
2016-09-15T08:00:00+08:00,44.95,44.5,46.1,1479600.0
2016-09-16T08:00:00+08:00,46.0,44.55,44.75,2119800.0
2016-09-19T08:00:00+08:00,45.45,44.9,45.75,1889000.0
2016-09-20T08:00:00+08:00,45.75,45.5,45.6,1138100.0
2016-09-21T08:00:00+08:00,45.6,45.0,45.2,1424000.0
2016-09-22T08:00:00+08:00,45.2,45.2,45.65,1839100.0
2016-09-23T08:00:00+08:00,45.75,44.7,45.15,2041100.0
2016-09-26T08:00:00+08:00,45.0,44.8,45.15,1218400.0
2016-09-27T08:00:00+08:00,45.15,45.15,45.7,2845100.0
2016-09-28T08:00:00+08:00,45.9,45.5,45.65,1949300.0
2016-09-29T08:00:00+08:00,46.25,45.6,45.65,1238200.0
2016-09-30T08:00:00+08:00,45.65,45.1,45.65,1908600.0
2016-10-03T08:00:00+08:00,45.65,45.3,45.65,570500.0
2016-10-04T08:00:00+08:00,46.5,45.6,45.65,1647700.0
2016-10-05T08:00:00+08:00,45.65,45.65,45.9,616200.0
2016-10-06T08:00:00+08:00,46.0,45.7,45.85,102900.0
2016-10-07T08:00:00+08:00,45.85,45.0,45.7,2438900.0
2016-10-10T08:00:00+08:00,45.7,44.5,45.65,791900.0
2016-10-11T08:00:00+08:00,45.25,45.25,45.65,1407500.0
2016-10-12T08:00:00+08:00,45.0,45.0,45.65,1169400.0
2016-10-13T08:00:00+08:00,45.0,45.0,45.35,2086200.0
2016-10-14T08:00:00+08:00,46.0,45.0,45.65,2259500.0
2016-10-17T08:00:00+08:00,44.6,44.5,45.8,1824300.0
2016-10-18T08:00:00+08:00,45.8,45.1,46.3,2078100.0
2016-10-19T08:00:00+08:00,46.55,46.25,46.4,1377000.0
2016-10-20T08:00:00+08:00,46.2,45.25,45.9,867800.0
2016-10-21T08:00:00+08:00,46.15,45.3,45.95,513100.0
2016-10-24T08:00:00+08:00,45.2,45.1,45.25,1439300.0
2016-10-25T08:00:00+08:00,45.25,45.2,45.35,840600.0
2016-10-26T08:00:00+08:00,45.1,45.05,45.4,1293900.0
2016-10-27T08:00:00+08:00,45.5,45.0,45.35,2196700.0
2016-10-28T08:00:00+08:00,45.35,45.05,45.95,2056400.0
2016-11-02T08:00:00+08:00,45.95,44.9,45.0,2317000.0
2016-11-03T08:00:00+08:00,44.65,43.5,44.5,2733000.0
2016-11-04T08:00:00+08:00,44.25,43.7,44.7,1196100.0
2016-11-07T08:00:00+08:00,44.5,43.7,44.0,1494600.0
2016-11-08T08:00:00+08:00,44.8,44.0,45.0,775600.0
2016-11-09T08:00:00+08:00,45.0,44.2,45.3,601900.0
2016-11-10T08:00:00+08:00,45.8,44.2,44.85,844700.0
2016-11-11T08:00:00+08:00,44.2,43.0,43.35,2263800.0
2016-11-14T08:00:00+08:00,43.1,42.0,42.5,3038200.0
2016-11-15T08:00:00+08:00,42.1,42.1,42.9,1355700.0
2016-11-16T08:00:00+08:00,42.9,42.0,42.65,2278700.0
2016-11-17T08:00:00+08:00,44.0,42.65,42.95,1679800.0
2016-11-18T08:00:00+08:00,43.95,42.9,43.5,473200.0
2016-11-21T08:00:00+08:00,44.25,42.0,43.8,2782900.0
2016-11-22T08:00:00+08:00,42.75,42.2,42.45,2604100.0
2016-11-23T08:00:00+08:00,42.45,41.7,42.4,2642300.0
2016-11-24T08:00:00+08:00,42.8,42.4,42.55,862300.0
2016-11-25T08:00:00+08:00,42.55,42.1,42.9,1038800.0
2016-11-28T08:00:00+08:00,42.9,42.65,42.95,1029600.0
2016-11-29T08:00:00+08:00,43.0,42.6,42.9,4564800.0
2016-12-01T08:00:00+08:00,43.6,42.5,42.5,1969400.0
2016-12-02T08:00:00+08:00,43.2,42.5,43.0,925900.0
2016-12-05T08:00:00+08:00,43.0,42.5,42.95,422300.0
2016-12-06T08:00:00+08:00,43.25,42.5,42.95,866100.0
2016-12-07T08:00:00+08:00,42.2,42.2,42.95,769900.0
2016-12-08T08:00:00+08:00,43.25,42.95,44.0,1296800.0
2016-12-09T08:00:00+08:00,44.0,43.9,44.4,1059000.0
2016-12-12T08:00:00+08:00,44.0,43.4,43.7,496000.0
2016-12-13T08:00:00+08:00,44.7,43.6,43.7,646700.0
2016-12-14T08:00:00+08:00,43.8,43.5,43.95,930100.0
2016-12-15T08:00:00+08:00,43.95,42.65,42.65,863700.0
2016-12-16T08:00:00+08:00,42.7,42.7,43.0,1050200.0
2016-12-19T08:00:00+08:00,43.0,42.7,43.0,2153900.0
2016-12-20T08:00:00+08:00,42.8,42.55,43.0,2290500.0
2016-12-21T08:00:00+08:00,43.65,42.85,43.1,1556600.0
2016-12-22T08:00:00+08:00,42.7,41.9,42.5,1202400.0
2016-12-23T08:00:00+08:00,41.85,41.5,41.5,966500.0
2016-12-27T08:00:00+08:00,41.5,41.4,42.3,520700.0
2016-12-28T08:00:00+08:00,42.75,42.3,43.5,1114300.0
2016-12-29T08:00:00+08:00,43.5,41.7,41.7,3266400.0
2016-09-01T08:00:00+08:00,45.8,45.0,45.5,1056400.0
2016-09-02T08:00:00+08:00,45.5,45.45,45.95,2312700.0
2016-09-05T08:00:00+08:00,45.9,45.55,45.65,318900.0
2016-09-06T08:00:00+08:00,45.55,45.05,45.35,2458400.0
2016-09-07T08:00:00+08:00,45.05,44.7,45.0,1591700.0
2016-09-08T08:00:00+08:00,44.85,44.15,45.4,1683500.0
2016-09-09T08:00:00+08:00,45.65,44.5,44.5,1095100.0
2016-09-13T08:00:00+08:00,44.5,44.1,44.1,1067800.0
2016-09-14T08:00:00+08:00,44.1,44.1,44.65,1112200.0
2016-09-15T08:00:00+08:00,44.95,44.5,46.1,1479600.0
2016-09-16T08:00:00+08:00,46.0,44.55,44.75,2119800.0
2016-09-19T08:00:00+08:00,45.45,44.9,45.75,1889000.0
2016-09-20T08:00:00+08:00,45.75,45.5,45.6,1138100.0
2016-09-21T08:00:00+08:00,45.6,45.0,45.2,1424000.0
2016-09-22T08:00:00+08:00,45.2,45.2,45.65,1839100.0
2016-09-23T08:00:00+08:00,45.75,44.7,45.15,2041100.0
2016-09-26T08:00:00+08:00,45.0,44.8,45.15,1218400.0
2016-09-27T08:00:00+08:00,45.15,45.15,45.7,2845100.0
2016-09-28T08:00:00+08:00,45.9,45.5,45.65,1949300.0
2016-09-29T08:00:00+08:00,46.25,45.6,45.65,1238200.0
2016-09-30T08:00:00+08:00,45.65,45.1,45.65,1908600.0
2016-10-03T08:00:00+08:00,45.65,45.3,45.65,570500.0
2016-10-04T08:00:00+08:00,46.5,45.6,45.65,1647700.0
2016-10-05T08:00:00+08:00,45.65,45.65,45.9,616200.0
2016-10-06T08:00:00+08:00,46.0,45.7,45.85,102900.0
2016-10-07T08:00:00+08:00,45.85,45.0,45.7,2438900.0
2016-10-10T08:00:00+08:00,45.7,44.5,45.65,791900.0
2016-10-11T08:00:00+08:00,45.25,45.25,45.65,1407500.0
2016-10-12T08:00:00+08:00,45.0,45.0,45.65,1169400.0
2016-10-13T08:00:00+08:00,45.0,45.0,45.35,2086200.0
2016-10-14T08:00:00+08:00,46.0,45.0,45.65,2259500.0
2016-10-17T08:00:00+08:00,44.6,44.5,45.8,1824300.0
2016-10-18T08:00:00+08:00,45.8,45.1,46.3,2078100.0
2016-10-19T08:00:00+08:00,46.55,46.25,46.4,1377000.0
2016-10-20T08:00:00+08:00,46.2,45.25,45.9,867800.0
2016-10-21T08:00:00+08:00,46.15,45.3,45.95,513100.0
2016-10-24T08:00:00+08:00,45.2,45.1,45.25,1439300.0
2016-10-25T08:00:00+08:00,45.25,45.2,45.35,840600.0
2016-10-26T08:00:00+08:00,45.1,45.05,45.4,1293900.0
2016-10-27T08:00:00+08:00,45.5,45.0,45.35,2196700.0
2016-10-28T08:00:00+08:00,45.35,45.05,45.95,2056400.0
2016-11-02T08:00:00+08:00,45.95,44.9,45.0,2317000.0
2016-11-03T08:00:00+08:00,44.65,43.5,44.5,2733000.0
2016-11-04T08:00:00+08:00,44.25,43.7,44.7,1196100.0
2016-11-07T08:00:00+08:00,44.5,43.7,44.0,1494600.0
2016-11-08T08:00:00+08:00,44.8,44.0,45.0,775600.0
2016-11-09T08:00:00+08:00,45.0,44.2,45.3,601900.0
2016-11-10T08:00:00+08:00,45.8,44.2,44.85,844700.0
2016-11-11T08:00:00+08:00,44.2,43.0,43.35,2263800.0
2016-11-14T08:00:00+08:00,43.1,42.0,42.5,3038200.0
2016-11-15T08:00:00+08:00,42.1,42.1,42.9,1355700.0
2016-11-16T08:00:00+08:00,42.9,42.0,42.65,2278700.0
2016-11-17T08:00:00+08:00,44.0,42.65,42.95,1679800.0
2016-11-18T08:00:00+08:00,43.95,42.9,43.5,473200.0
2016-11-21T08:00:00+08:00,44.25,42.0,43.8,2782900.0
2016-11-22T08:00:00+08:00,42.75,42.2,42.45,2604100.0
2016-11-23T08:00:00+08:00,42.45,41.7,42.4,2642300.0
2016-11-24T08:00:00+08:00,42.8,42.4,42.55,862300.0
2016-11-25T08:00:00+08:00,42.55,42.1,42.9,1038800.0
2016-11-28T08:00:00+08:00,42.9,42.65,42.95,1029600.0
2016-11-29T08:00:00+08:00,43.0,42.6,42.9,4564800.0
2016-12-01T08:00:00+08:00,43.6,42.5,42.5,1969400.0
2016-12-02T08:00:00+08:00,43.2,42.5,43.0,925900.0
2016-12-05T08:00:00+08:00,43.0,42.5,42.95,422300.0
2016-12-06T08:00:00+08:00,43.25,42.5,42.95,866100.0
2016-12-07T08:00:00+08:00,42.2,42.2,42.95,769900.0
2016-12-08T08:00:00+08:00,43.25,42.95,44.0,1296800.0
2016-12-09T08:00:00+08:00,44.0,43.9,44.4,1059000.0
2016-12-12T08:00:00+08:00,44.0,43.4,43.7,496000.0
2016-12-13T08:00:00+08:00,44.7,43.6,43.7,646700.0
2016-12-14T08:00:00+08:00,43.8,43.5,43.95,930100.0
2016-12-15T08:00:00+08:00,43.95,42.65,42.65,863700.0
2016-12-16T08:00:00+08:00,42.7,42.7,43.0,1050200.0
2016-12-19T08:00:00+08:00,43.0,42.7,43.0,2153900.0
2016-12-20T08:00:00+08:00,42.8,42.55,43.0,2290500.0
2016-12-21T08:00:00+08:00,43.65,42.85,43.1,1556600.0
2016-12-22T08:00:00+08:00,42.7,41.9,42.5,1202400.0
2016-12-23T08:00:00+08:00,41.85,41.5,41.5,966500.0
2016-12-27T08:00:00+08:00,41.5,41.4,42.3,520700.0
2016-12-28T08:00:00+08:00,42.75,42.3,43.5,1114300.0
2016-12-29T08:00:00+08:00,43.5,41.7,41.7,3266400.0
2017-01-03T08:00:00+08:00,42.15,41.7,42.0,1473600.0
2017-01-04T08:00:00+08:00,42.0,41.8,43.05,985200.0
2017-01-05T08:00:00+08:00,42.35,42.35,43.5,9727500.0
2017-01-06T08:00:00+08:00,43.3,43.0,43.45,3511600.0
2017-01-09T08:00:00+08:00,43.8,43.2,43.3,1657700.0
2017-01-10T08:00:00+08:00,43.5,43.0,43.7,1483400.0
2017-01-11T08:00:00+08:00,43.6,43.0,43.35,1410100.0
2017-01-12T08:00:00+08:00,43.6,43.45,43.8,2723300.0
2017-01-13T08:00:00+08:00,43.8,43.5,43.85,1729100.0
2017-01-16T08:00:00+08:00,43.95,43.6,43.65,1036100.0
2017-01-17T08:00:00+08:00,43.75,43.7,43.75,1104400.0
2017-01-18T08:00:00+08:00,44.0,43.55,43.6,1314100.0
2017-01-19T08:00:00+08:00,43.7,43.6,44.05,2294500.0
2017-01-20T08:00:00+08:00,43.55,43.55,43.6,1359300.0
2017-01-23T08:00:00+08:00,44.5,43.6,44.0,1096600.0
2017-01-24T08:00:00+08:00,44.05,43.7,43.85,1246600.0
2017-01-25T08:00:00+08:00,43.9,43.6,43.9,1206100.0
2017-01-26T08:00:00+08:00,44.05,43.85,43.85,1459700.0
2017-01-27T08:00:00+08:00,43.8,43.65,43.7,948700.0
2017-01-30T08:00:00+08:00,43.75,43.3,43.6,691500.0
2017-01-31T08:00:00+08:00,44.0,42.2,42.2,1973700.0
2017-02-01T08:00:00+08:00,43.65,42.35,42.35,2424300.0
2017-02-02T08:00:00+08:00,42.6,42.3,42.4,3180300.0
2017-02-03T08:00:00+08:00,42.4,42.35,43.05,2376700.0
2017-02-06T08:00:00+08:00,43.05,42.45,43.4,1120400.0
2017-02-07T08:00:00+08:00,43.0,43.0,43.2,1114400.0
2017-02-08T08:00:00+08:00,43.35,43.1,43.1,1128900.0
2017-02-09T08:00:00+08:00,43.1,43.1,43.3,2149100.0
2017-02-10T08:00:00+08:00,43.4,43.25,43.45,1636800.0
2017-02-13T08:00:00+08:00,43.5,43.25,44.0,1871900.0
2017-02-14T08:00:00+08:00,43.25,43.25,43.45,1523700.0
2017-02-15T08:00:00+08:00,43.8,42.25,43.0,1297400.0
2017-02-16T08:00:00+08:00,43.0,43.0,43.4,996400.0
2017-02-17T08:00:00+08:00,44.0,42.8,43.0,2483400.0
2017-02-20T08:00:00+08:00,43.5,42.9,43.0,1360200.0
2017-02-21T08:00:00+08:00,43.05,42.95,43.1,1302500.0
2017-02-22T08:00:00+08:00,43.0,43.0,43.75,1680100.0
2017-02-23T08:00:00+08:00,43.8,43.8,44.25,1244000.0
2017-02-24T08:00:00+08:00,44.3,43.5,43.5,893000.0
2017-02-27T08:00:00+08:00,44.15,43.65,43.7,576600.0
2017-02-28T08:00:00+08:00,43.7,42.8,43.0,1428300.0
2017-03-01T08:00:00+08:00,43.0,42.75,42.8,466900.0
2017-03-02T08:00:00+08:00,42.75,42.75,43.1,1149100.0
2017-03-03T08:00:00+08:00,43.2,43.0,43.75,916000.0
2017-03-06T08:00:00+08:00,43.75,43.0,43.8,2130800.0
2017-03-07T08:00:00+08:00,43.85,43.1,43.45,2256700.0
2017-03-08T08:00:00+08:00,43.5,43.5,43.8,1660700.0
2017-03-09T08:00:00+08:00,43.75,43.65,43.75,328600.0
2017-03-10T08:00:00+08:00,43.75,43.0,43.0,525200.0
2017-03-13T08:00:00+08:00,43.85,42.85,43.0,1219300.0
2017-03-14T08:00:00+08:00,43.6,43.0,43.1,767900.0
2017-03-15T08:00:00+08:00,43.1,43.1,43.5,2252500.0
2017-03-16T08:00:00+08:00,43.0,41.9,43.0,1200200.0
2017-03-17T08:00:00+08:00,43.3,43.1,43.5,3092500.0
2017-03-20T08:00:00+08:00,43.4,42.75,43.0,1711300.0
2017-03-21T08:00:00+08:00,43.2,42.3,42.3,1946800.0
2017-03-22T08:00:00+08:00,42.3,42.05,42.7,1762500.0
2017-03-23T08:00:00+08:00,42.8,42.1,42.7,1399400.0
2017-03-24T08:00:00+08:00,42.7,42.0,42.1,2395300.0
2017-03-27T08:00:00+08:00,42.3,41.4,41.55,1213500.0
2017-03-28T08:00:00+08:00,41.5,41.5,42.1,1797700.0
2017-03-29T08:00:00+08:00,42.1,41.8,41.85,3726300.0
2017-03-30T08:00:00+08:00,41.9,41.75,41.85,1053800.0
2017-03-31T08:00:00+08:00,41.85,41.7,41.75,1867200.0
2017-04-03T08:00:00+08:00,41.6,41.0,41.3,952700.0
2017-04-04T08:00:00+08:00,41.9,41.4,41.7,1026200.0
2017-04-05T08:00:00+08:00,42.0,41.5,41.8,1757400.0
2017-04-06T08:00:00+08:00,42.0,41.6,42.0,790600.0
2017-04-07T08:00:00+08:00,41.9,41.8,42.2,1337500.0
2017-04-10T08:00:00+08:00,42.4,41.6,41.8,2209400.0
2017-04-11T08:00:00+08:00,42.0,41.5,41.5,1257400.0
2017-04-12T08:00:00+08:00,41.5,41.5,42.0,2087500.0
2017-04-17T08:00:00+08:00,41.95,41.3,41.3,2309800.0
2017-04-18T08:00:00+08:00,42.0,41.4,41.65,1252400.0
2017-04-19T08:00:00+08:00,41.8,41.2,41.3,1116100.0
2017-04-20T08:00:00+08:00,41.4,41.25,41.35,792900.0
2017-04-21T08:00:00+08:00,41.75,41.3,41.35,1062700.0
2017-04-24T08:00:00+08:00,41.4,41.4,41.55,424300.0
2017-04-25T08:00:00+08:00,41.7,41.55,43.0,4122000.0
2017-04-26T08:00:00+08:00,43.0,42.55,42.8,826700.0
2017-04-27T08:00:00+08:00,42.8,42.2,42.5,1711900.0
2017-05-02T08:00:00+08:00,42.45,41.8,42.0,1854500.0
2017-05-03T08:00:00+08:00,42.0,41.85,42.0,567100.0
2017-05-04T08:00:00+08:00,42.0,41.8,41.95,1113800.0
2017-05-05T08:00:00+08:00,41.9,41.2,41.2,2358500.0
2017-05-08T08:00:00+08:00,41.35,41.3,41.6,1762700.0
2017-05-09T08:00:00+08:00,41.8,41.0,41.0,1725500.0
2017-05-10T08:00:00+08:00,41.05,40.0,40.0,1969400.0
2017-05-11T08:00:00+08:00,40.1,40.0,40.55,3042100.0
2017-05-12T08:00:00+08:00,40.75,40.0,40.3,1884900.0
2017-05-15T08:00:00+08:00,40.45,39.65,39.8,1902700.0
2017-05-16T08:00:00+08:00,40.0,39.6,39.75,1982600.0
2017-05-17T08:00:00+08:00,40.1,39.9,40.0,1855400.0
2017-05-18T08:00:00+08:00,40.1,39.75,40.0,3647800.0
2017-05-19T08:00:00+08:00,40.0,39.8,39.9,1554700.0
2017-05-22T08:00:00+08:00,39.9,39.55,39.65,1367300.0
2017-05-23T08:00:00+08:00,40.0,39.55,39.7,1887000.0
2017-05-24T08:00:00+08:00,39.55,39.5,39.85,1213800.0
2017-05-25T08:00:00+08:00,39.9,39.5,39.6,1321800.0
2017-05-26T08:00:00+08:00,39.85,39.55,39.6,1909100.0
2017-05-29T08:00:00+08:00,39.6,39.6,39.7,922600.0
2017-05-30T08:00:00+08:00,39.7,38.95,39.15,7998300.0
2017-05-31T08:00:00+08:00,39.15,39.0,39.25,5208100.0
2017-06-01T08:00:00+08:00,39.3,39.2,39.4,2112100.0
2017-06-02T08:00:00+08:00,39.6,39.2,39.4,1357000.0
2017-06-05T08:00:00+08:00,39.5,38.8,38.8,1794000.0
2017-06-06T08:00:00+08:00,39.0,38.6,38.7,2052200.0
2017-06-07T08:00:00+08:00,38.7,38.7,38.85,3376500.0
2017-06-08T08:00:00+08:00,38.85,38.55,38.9,1764800.0
2017-06-09T08:00:00+08:00,38.9,38.7,38.75,2424500.0
2017-06-13T08:00:00+08:00,38.9,38.35,38.5,987100.0
2017-06-14T08:00:00+08:00,38.5,38.4,38.55,930600.0
2017-06-15T08:00:00+08:00,38.55,38.55,38.7,890500.0
2017-06-16T08:00:00+08:00,38.7,38.5,38.5,4214600.0
2017-06-19T08:00:00+08:00,38.85,38.6,39.2,1071200.0
2017-06-20T08:00:00+08:00,39.3,39.3,39.6,1465100.0
2017-06-21T08:00:00+08:00,39.6,39.2,39.65,1474700.0
2017-06-22T08:00:00+08:00,39.8,39.6,39.8,3329100.0
2017-06-23T08:00:00+08:00,39.8,39.45,39.75,1058100.0
2017-06-27T08:00:00+08:00,39.35,38.6,39.2,2013700.0
2017-06-28T08:00:00+08:00,39.5,38.65,38.65,1093300.0
2017-06-29T08:00:00+08:00,39.15,38.45,38.9,1710300.0
2017-06-30T08:00:00+08:00,38.9,38.45,38.9,1112300.0
2017-07-03T08:00:00+08:00,38.9,38.5,39.95,1356800.0
2017-07-04T08:00:00+08:00,39.5,38.6,38.9,1556700.0
2017-07-05T08:00:00+08:00,39.0,39.0,39.55,2820200.0
2017-07-06T08:00:00+08:00,39.6,39.6,40.0,2457900.0
2017-07-07T08:00:00+08:00,40.0,39.8,40.2,2689000.0
2017-07-10T08:00:00+08:00,40.5,40.0,40.15,932500.0
2017-07-11T08:00:00+08:00,40.25,39.7,40.0,552000.0
2017-07-12T08:00:00+08:00,40.0,40.0,40.25,459700.0
2017-07-13T08:00:00+08:00,40.25,40.0,40.3,848900.0
2017-07-14T08:00:00+08:00,40.35,40.05,40.05,1888500.0
2017-07-17T08:00:00+08:00,40.3,40.0,40.05,894800.0
2017-07-18T08:00:00+08:00,40.05,40.05,40.05,748500.0
2017-07-19T08:00:00+08:00,40.1,40.0,40.1,653200.0
2017-07-20T08:00:00+08:00,40.15,39.25,39.25,1057100.0
2017-07-21T08:00:00+08:00,40.0,39.3,40.2,958000.0
2017-07-24T08:00:00+08:00,40.0,39.35,39.35,958100.0
2017-07-25T08:00:00+08:00,39.45,39.4,39.4,416100.0
2017-07-26T08:00:00+08:00,39.4,39.4,39.65,958600.0
2017-07-27T08:00:00+08:00,39.8,39.8,40.0,1229100.0
2017-07-28T08:00:00+08:00,40.0,38.8,38.8,1036500.0
2017-07-31T08:00:00+08:00,39.0,38.8,39.0,1764000.0
2017-08-01T08:00:00+08:00,39.0,38.95,39.05,398200.0
2017-08-02T08:00:00+08:00,39.5,38.85,39.0,1658300.0
2017-08-03T08:00:00+08:00,39.4,39.0,39.7,1473800.0
2017-08-04T08:00:00+08:00,39.75,39.6,39.95,1510300.0
2017-08-07T08:00:00+08:00,39.95,39.45,39.9,865800.0
2017-08-08T08:00:00+08:00,40.1,39.2,39.25,1434200.0
2017-08-09T08:00:00+08:00,39.5,39.25,39.3,2957900.0
2017-08-10T08:00:00+08:00,39.5,39.25,39.3,1694700.0
2017-08-11T08:00:00+08:00,39.3,38.95,39.5,1194300.0
2017-08-14T08:00:00+08:00,39.7,39.05,39.25,503900.0
2017-08-15T08:00:00+08:00,39.3,39.2,39.35,365500.0
2017-08-16T08:00:00+08:00,39.35,39.25,39.3,1487300.0
2017-08-17T08:00:00+08:00,39.5,39.05,39.05,1093900.0
2017-08-18T08:00:00+08:00,39.3,39.05,39.5,764100.0
2017-08-22T08:00:00+08:00,39.5,39.3,39.55,497700.0
2017-08-23T08:00:00+08:00,39.7,39.55,39.6,1230800.0
2017-08-24T08:00:00+08:00,39.6,39.6,39.95,973700.0
2017-08-25T08:00:00+08:00,39.95,39.7,39.9,495100.0
2017-08-29T08:00:00+08:00,40.0,39.15,39.5,2427800.0
2017-08-30T08:00:00+08:00,39.5,39.05,39.4,902000.0
2017-08-31T08:00:00+08:00,39.4,39.1,39.5,1235400.0
2017-09-04T08:00:00+08:00,39.6,39.4,39.85,1043500.0
2017-09-05T08:00:00+08:00,39.9,39.0,40.2,2218400.0
2017-09-06T08:00:00+08:00,40.15,39.5,39.6,867600.0
2017-09-07T08:00:00+08:00,40.1,39.8,40.0,676600.0
2017-09-08T08:00:00+08:00,40.4,39.7,39.8,1051500.0
2017-09-11T08:00:00+08:00,39.8,39.8,40.2,1465400.0
2017-09-13T08:00:00+08:00,40.2,40.05,40.7,2195500.0
2017-09-14T08:00:00+08:00,40.7,40.1,40.1,1222300.0
2017-09-15T08:00:00+08:00,40.5,40.05,40.9,2484700.0
2017-09-18T08:00:00+08:00,40.8,40.55,41.4,1806100.0
2017-09-19T08:00:00+08:00,41.4,41.0,41.15,1406800.0
2017-09-20T08:00:00+08:00,41.3,41.05,41.1,717600.0
2017-09-21T08:00:00+08:00,41.0,41.0,41.4,1045700.0
2017-09-22T08:00:00+08:00,41.8,41.55,41.55,1181900.0
2017-09-25T08:00:00+08:00,41.6,41.15,41.8,510100.0
2017-09-26T08:00:00+08:00,41.95,41.55,42.0,1191200.0
2017-09-27T08:00:00+08:00,42.0,41.8,42.75,3012700.0
2017-09-28T08:00:00+08:00,42.75,42.05,42.4,2572400.0
2017-09-29T08:00:00+08:00,42.25,42.25,42.85,1404600.0
2017-10-02T08:00:00+08:00,42.5,42.0,42.25,1662100.0
2017-10-03T08:00:00+08:00,41.85,41.85,42.9,2227800.0
2017-10-04T08:00:00+08:00,42.9,42.9,42.95,1069800.0
2017-10-05T08:00:00+08:00,43.0,42.45,42.75,663300.0
2017-10-06T08:00:00+08:00,42.7,41.3,41.5,2145000.0
2017-10-09T08:00:00+08:00,41.5,41.5,42.0,1060700.0
2017-10-10T08:00:00+08:00,42.3,42.0,42.0,395000.0
2017-10-11T08:00:00+08:00,42.2,41.6,41.75,506400.0
2017-10-12T08:00:00+08:00,41.75,41.6,42.1,667100.0
2017-10-13T08:00:00+08:00,42.1,41.8,42.0,1204900.0
2017-10-17T08:00:00+08:00,42.35,41.55,41.6,1073500.0
2017-10-18T08:00:00+08:00,41.6,41.05,42.15,482100.0
2017-10-19T08:00:00+08:00,42.0,41.15,42.75,905900.0
2017-10-20T08:00:00+08:00,42.4,41.6,42.65,462400.0
2017-10-23T08:00:00+08:00,42.65,42.0,42.55,1359100.0
2017-10-24T08:00:00+08:00,42.6,41.6,41.65,563900.0
2017-10-25T08:00:00+08:00,42.05,41.4,41.95,617300.0
2017-10-26T08:00:00+08:00,42.0,41.4,42.1,253100.0
2017-10-27T08:00:00+08:00,42.1,41.4,42.0,1063400.0
2017-10-30T08:00:00+08:00,42.0,42.0,42.5,239400.0
2017-11-02T08:00:00+08:00,42.45,41.5,42.25,941800.0
2017-11-03T08:00:00+08:00,42.25,40.5,40.5,1769400.0
2017-11-06T08:00:00+08:00,41.2,41.0,41.15,1221300.0
2017-11-07T08:00:00+08:00,41.25,41.2,41.4,742100.0
2017-11-08T08:00:00+08:00,41.6,41.05,41.7,967600.0
2017-11-09T08:00:00+08:00,41.8,41.3,42.4,1281200.0
2017-11-10T08:00:00+08:00,42.4,41.4,41.4,1070600.0
2017-11-13T08:00:00+08:00,42.0,41.1,41.1,787900.0
2017-11-14T08:00:00+08:00,41.9,41.1,42.4,880900.0
2017-11-15T08:00:00+08:00,41.6,41.4,41.4,1202200.0
2017-11-16T08:00:00+08:00,40.9,39.95,40.0,1560700.0
2017-11-17T08:00:00+08:00,41.0,40.1,41.2,587100.0
2017-11-20T08:00:00+08:00,41.3,40.8,40.9,246700.0
2017-11-21T08:00:00+08:00,41.0,40.0,40.0,1515600.0
2017-11-22T08:00:00+08:00,40.6,39.85,39.85,2454800.0
2017-11-23T08:00:00+08:00,40.0,39.85,40.6,599300.0
2017-11-24T08:00:00+08:00,40.6,40.0,40.5,1195800.0
2017-11-27T08:00:00+08:00,40.5,39.9,40.1,1253600.0
2017-11-28T08:00:00+08:00,40.5,39.95,40.0,1804100.0
2017-11-29T08:00:00+08:00,40.2,38.1,39.25,8376800.0
2017-12-01T08:00:00+08:00,39.25,38.3,38.5,1910800.0
2017-12-04T08:00:00+08:00,38.5,38.5,38.65,1703200.0
2017-12-05T08:00:00+08:00,38.7,38.65,38.8,1150700.0
2017-12-06T08:00:00+08:00,39.0,38.25,38.3,2139600.0
2017-12-07T08:00:00+08:00,38.3,38.3,38.55,1938700.0
2017-12-08T08:00:00+08:00,38.6,38.5,38.6,1895200.0
2017-12-11T08:00:00+08:00,38.85,38.65,39.3,1485600.0
2017-12-12T08:00:00+08:00,39.3,38.8,39.25,1082600.0
2017-12-13T08:00:00+08:00,39.45,39.25,39.6,2295500.0
2017-12-14T08:00:00+08:00,39.65,39.55,40.7,1525300.0
2017-12-15T08:00:00+08:00,40.5,39.4,39.4,4172800.0
2017-12-18T08:00:00+08:00,39.6,39.5,40.25,1840200.0
2017-12-19T08:00:00+08:00,40.25,39.4,39.55,1441200.0
2017-12-20T08:00:00+08:00,39.9,39.75,40.2,647700.0
2017-12-21T08:00:00+08:00,40.3,39.4,40.45,670200.0
2017-12-22T08:00:00+08:00,40.45,40.0,40.9,987800.0
2017-12-27T08:00:00+08:00,40.9,40.5,41.0,462500.0
2017-12-28T08:00:00+08:00,41.0,41.0,41.45,1352000.0
2017-12-29T08:00:00+08:00,41.5,41.3,41.55,1294700.0
2017-09-04T08:00:00+08:00,39.6,39.4,39.85,1043500.0
2017-09-05T08:00:00+08:00,39.9,39.0,40.2,2218400.0
2017-09-06T08:00:00+08:00,40.15,39.5,39.6,867600.0
2017-09-07T08:00:00+08:00,40.1,39.8,40.0,676600.0
2017-09-08T08:00:00+08:00,40.4,39.7,39.8,1051500.0
2017-09-11T08:00:00+08:00,39.8,39.8,40.2,1465400.0
2017-09-13T08:00:00+08:00,40.2,40.05,40.7,2195500.0
2017-09-14T08:00:00+08:00,40.7,40.1,40.1,1222300.0
2017-09-15T08:00:00+08:00,40.5,40.05,40.9,2484700.0
2017-09-18T08:00:00+08:00,40.8,40.55,41.4,1806100.0
2017-09-19T08:00:00+08:00,41.4,41.0,41.15,1406800.0
2017-09-20T08:00:00+08:00,41.3,41.05,41.1,717600.0
2017-09-21T08:00:00+08:00,41.0,41.0,41.4,1045700.0
2017-09-22T08:00:00+08:00,41.8,41.55,41.55,1181900.0
2017-09-25T08:00:00+08:00,41.6,41.15,41.8,510100.0
2017-09-26T08:00:00+08:00,41.95,41.55,42.0,1191200.0
2017-09-27T08:00:00+08:00,42.0,41.8,42.75,3012700.0
2017-09-28T08:00:00+08:00,42.75,42.05,42.4,2572400.0
2017-09-29T08:00:00+08:00,42.25,42.25,42.85,1404600.0
2017-10-02T08:00:00+08:00,42.5,42.0,42.25,1662100.0
2017-10-03T08:00:00+08:00,41.85,41.85,42.9,2227800.0
2017-10-04T08:00:00+08:00,42.9,42.9,42.95,1069800.0
2017-10-05T08:00:00+08:00,43.0,42.45,42.75,663300.0
2017-10-06T08:00:00+08:00,42.7,41.3,41.5,2145000.0
2017-10-09T08:00:00+08:00,41.5,41.5,42.0,1060700.0
2017-10-10T08:00:00+08:00,42.3,42.0,42.0,395000.0
2017-10-11T08:00:00+08:00,42.2,41.6,41.75,506400.0
2017-10-12T08:00:00+08:00,41.75,41.6,42.1,667100.0
2017-10-13T08:00:00+08:00,42.1,41.8,42.0,1204900.0
2017-10-17T08:00:00+08:00,42.35,41.55,41.6,1073500.0
2017-10-18T08:00:00+08:00,41.6,41.05,42.15,482100.0
2017-10-19T08:00:00+08:00,42.0,41.15,42.75,905900.0
2017-10-20T08:00:00+08:00,42.4,41.6,42.65,462400.0
2017-10-23T08:00:00+08:00,42.65,42.0,42.55,1359100.0
2017-10-24T08:00:00+08:00,42.6,41.6,41.65,563900.0
2017-10-25T08:00:00+08:00,42.05,41.4,41.95,617300.0
2017-10-26T08:00:00+08:00,42.0,41.4,42.1,253100.0
2017-10-27T08:00:00+08:00,42.1,41.4,42.0,1063400.0
2017-10-30T08:00:00+08:00,42.0,42.0,42.5,239400.0
2017-11-02T08:00:00+08:00,42.45,41.5,42.25,941800.0
2017-11-03T08:00:00+08:00,42.25,40.5,40.5,1769400.0
2017-11-06T08:00:00+08:00,41.2,41.0,41.15,1221300.0
2017-11-07T08:00:00+08:00,41.25,41.2,41.4,742100.0
2017-11-08T08:00:00+08:00,41.6,41.05,41.7,967600.0
2017-11-09T08:00:00+08:00,41.8,41.3,42.4,1281200.0
2017-11-10T08:00:00+08:00,42.4,41.4,41.4,1070600.0
2017-11-13T08:00:00+08:00,42.0,41.1,41.1,787900.0
2017-11-14T08:00:00+08:00,41.9,41.1,42.4,880900.0
2017-11-15T08:00:00+08:00,41.6,41.4,41.4,1202200.0
2017-11-16T08:00:00+08:00,40.9,39.95,40.0,1560700.0
2017-11-17T08:00:00+08:00,41.0,40.1,41.2,587100.0
2017-11-20T08:00:00+08:00,41.3,40.8,40.9,246700.0
2017-11-21T08:00:00+08:00,41.0,40.0,40.0,1515600.0
2017-11-22T08:00:00+08:00,40.6,39.85,39.85,2454800.0
2017-11-23T08:00:00+08:00,40.0,39.85,40.6,599300.0
2017-11-24T08:00:00+08:00,40.6,40.0,40.5,1195800.0
2017-11-27T08:00:00+08:00,40.5,39.9,40.1,1253600.0
2017-11-28T08:00:00+08:00,40.5,39.95,40.0,1804100.0
2017-11-29T08:00:00+08:00,40.2,38.1,39.25,8376800.0
2017-12-01T08:00:00+08:00,39.25,38.3,38.5,1910800.0
2017-12-04T08:00:00+08:00,38.5,38.5,38.65,1703200.0
2017-12-05T08:00:00+08:00,38.7,38.65,38.8,1150700.0
2017-12-06T08:00:00+08:00,39.0,38.25,38.3,2139600.0
2017-12-07T08:00:00+08:00,38.3,38.3,38.55,1938700.0
2017-12-08T08:00:00+08:00,38.6,38.5,38.6,1895200.0
2017-12-11T08:00:00+08:00,38.85,38.65,39.3,1485600.0
2017-12-12T08:00:00+08:00,39.3,38.8,39.25,1082600.0
2017-12-13T08:00:00+08:00,39.45,39.25,39.6,2295500.0
2017-12-14T08:00:00+08:00,39.65,39.55,40.7,1525300.0
2017-12-15T08:00:00+08:00,40.5,39.4,39.4,4172800.0
2017-12-18T08:00:00+08:00,39.6,39.5,40.25,1840200.0
2017-12-19T08:00:00+08:00,40.25,39.4,39.55,1441200.0
2017-12-20T08:00:00+08:00,39.9,39.75,40.2,647700.0
2017-12-21T08:00:00+08:00,40.3,39.4,40.45,670200.0
2017-12-22T08:00:00+08:00,40.45,40.0,40.9,987800.0
2017-12-27T08:00:00+08:00,40.9,40.5,41.0,462500.0
2017-12-28T08:00:00+08:00,41.0,41.0,41.45,1352000.0
2017-12-29T08:00:00+08:00,41.5,41.3,41.55,1294700.0
2018-01-03T08:00:00+08:00,41.6,41.1,41.45,1023300.0
2018-01-04T08:00:00+08:00,41.45,41.1,41.4,892100.0
2018-01-05T08:00:00+08:00,41.5,40.55,41.0,1280900.0
2018-01-08T08:00:00+08:00,41.45,41.2,41.55,742700.0
2018-01-09T08:00:00+08:00,41.6,40.0,41.0,1352800.0
2018-01-10T08:00:00+08:00,41.25,41.0,41.45,997200.0
2018-01-11T08:00:00+08:00,41.45,41.2,41.7,670700.0
2018-01-12T08:00:00+08:00,41.7,39.8,40.0,1699700.0
2018-01-15T08:00:00+08:00,40.0,40.0,41.0,1302500.0
2018-01-16T08:00:00+08:00,41.0,40.85,41.0,2127400.0
2018-01-17T08:00:00+08:00,41.0,40.6,40.65,922200.0
2018-01-18T08:00:00+08:00,40.95,40.4,41.15,1807800.0
2018-01-19T08:00:00+08:00,41.0,40.8,41.5,2067200.0
2018-01-22T08:00:00+08:00,41.4,41.2,41.5,1090100.0
2018-01-23T08:00:00+08:00,41.5,41.4,41.8,1226700.0
2018-01-24T08:00:00+08:00,41.8,41.1,41.75,870300.0
2018-01-25T08:00:00+08:00,41.75,41.3,41.4,1459000.0
2018-01-26T08:00:00+08:00,41.5,41.4,41.75,570500.0
2018-01-29T08:00:00+08:00,41.75,41.25,41.25,1135900.0
2018-01-30T08:00:00+08:00,41.3,40.55,40.9,1253900.0
2018-01-31T08:00:00+08:00,40.9,40.7,41.0,1853800.0
2018-02-01T08:00:00+08:00,41.5,40.5,40.6,1035400.0
2018-02-02T08:00:00+08:00,40.6,40.6,41.0,984800.0
2018-02-05T08:00:00+08:00,40.9,40.2,40.4,1096000.0
2018-02-06T08:00:00+08:00,40.35,39.2,39.95,2107400.0
2018-02-07T08:00:00+08:00,40.0,39.95,40.4,646800.0
2018-02-08T08:00:00+08:00,40.4,40.15,40.85,945900.0
2018-02-09T08:00:00+08:00,40.5,39.7,39.7,1797100.0
2018-02-12T08:00:00+08:00,40.1,39.6,39.6,1305300.0
2018-02-13T08:00:00+08:00,39.9,39.15,39.75,1576100.0
2018-02-14T08:00:00+08:00,39.75,39.35,39.45,1452600.0
2018-02-15T08:00:00+08:00,39.35,39.0,39.4,1055500.0
2018-02-19T08:00:00+08:00,39.4,39.4,39.85,803700.0
2018-02-20T08:00:00+08:00,39.85,39.55,40.0,1135300.0
2018-02-21T08:00:00+08:00,39.9,39.15,39.15,2442000.0
2018-02-22T08:00:00+08:00,39.15,39.0,39.0,1915400.0
2018-02-23T08:00:00+08:00,39.05,38.65,38.65,1262600.0
2018-02-26T08:00:00+08:00,39.0,38.7,38.95,1052400.0
2018-02-27T08:00:00+08:00,39.0,38.75,38.8,1695800.0
2018-02-28T08:00:00+08:00,38.75,38.5,38.5,1974700.0
2018-03-01T08:00:00+08:00,38.9,38.45,38.7,975300.0
2018-03-02T08:00:00+08:00,38.7,38.3,39.0,2312800.0
2018-03-05T08:00:00+08:00,39.4,38.3,39.0,761000.0
2018-03-06T08:00:00+08:00,39.0,38.3,38.95,1626200.0
2018-03-07T08:00:00+08:00,39.0,38.8,39.0,742700.0
2018-03-08T08:00:00+08:00,39.0,38.8,39.0,1479100.0
2018-03-09T08:00:00+08:00,39.2,39.05,39.15,1217700.0
2018-03-12T08:00:00+08:00,39.2,39.15,39.8,2266100.0
2018-03-13T08:00:00+08:00,39.9,39.8,40.6,3530400.0
2018-03-14T08:00:00+08:00,40.6,40.0,40.5,1357200.0
2018-03-15T08:00:00+08:00,40.45,39.85,40.05,2018100.0
2018-03-16T08:00:00+08:00,40.2,39.9,40.0,5009200.0
2018-03-19T08:00:00+08:00,39.4,38.55,39.0,916000.0
2018-03-20T08:00:00+08:00,39.0,38.0,38.0,1895100.0
2018-03-21T08:00:00+08:00,38.5,37.5,37.5,874500.0
2018-03-22T08:00:00+08:00,38.1,37.8,39.0,2821700.0
2018-03-23T08:00:00+08:00,38.95,38.4,38.8,965900.0
2018-03-26T08:00:00+08:00,38.5,38.15,38.8,698500.0
2018-03-27T08:00:00+08:00,38.9,38.8,39.0,1015700.0
2018-03-28T08:00:00+08:00,39.0,38.7,38.7,2475400.0
2018-04-02T08:00:00+08:00,39.1,38.35,38.5,930200.0
2018-04-03T08:00:00+08:00,38.5,38.4,38.45,531500.0
2018-04-04T08:00:00+08:00,38.8,38.0,38.0,1070300.0
2018-04-05T08:00:00+08:00,38.75,38.4,38.4,434200.0
2018-04-06T08:00:00+08:00,38.4,38.0,38.5,1098300.0
2018-04-10T08:00:00+08:00,38.85,38.15,38.8,1248900.0
2018-04-11T08:00:00+08:00,38.8,37.4,37.4,1291300.0
2018-04-12T08:00:00+08:00,37.6,37.5,37.5,1076600.0
2018-04-13T08:00:00+08:00,37.9,37.6,37.6,1199300.0
2018-04-16T08:00:00+08:00,37.75,37.45,37.45,1842500.0
2018-04-17T08:00:00+08:00,37.9,37.45,37.65,942600.0
2018-04-18T08:00:00+08:00,37.9,37.7,38.2,878000.0
2018-04-19T08:00:00+08:00,37.55,37.0,37.85,2789600.0
2018-04-20T08:00:00+08:00,37.85,37.85,39.7,1217300.0
2018-04-23T08:00:00+08:00,39.7,38.55,39.65,811700.0
2018-04-24T08:00:00+08:00,39.5,38.0,38.0,698500.0
2018-04-25T08:00:00+08:00,38.5,37.7,38.45,1907100.0
2018-04-26T08:00:00+08:00,38.45,37.8,38.95,640300.0
2018-04-27T08:00:00+08:00,38.8,38.4,38.7,1951700.0
2018-04-30T08:00:00+08:00,38.7,38.0,38.0,1407600.0
2018-05-02T08:00:00+08:00,38.2,38.2,38.7,1458200.0
2018-05-03T08:00:00+08:00,38.7,37.6,37.6,471000.0
2018-05-04T08:00:00+08:00,37.75,37.5,37.5,556500.0
2018-05-07T08:00:00+08:00,37.5,37.5,37.95,1422800.0
2018-05-08T08:00:00+08:00,38.1,38.0,38.4,767600.0
2018-05-09T08:00:00+08:00,38.3,38.0,38.25,664100.0
2018-05-10T08:00:00+08:00,38.4,38.0,38.4,3368700.0
2018-05-11T08:00:00+08:00,38.8,38.75,38.95,933000.0
2018-05-15T08:00:00+08:00,39.0,38.7,39.0,1207500.0
2018-05-16T08:00:00+08:00,39.0,38.4,38.4,1233900.0
2018-05-17T08:00:00+08:00,38.6,38.4,38.4,1036200.0
2018-05-18T08:00:00+08:00,38.75,38.1,38.85,852800.0
2018-05-21T08:00:00+08:00,38.85,38.15,38.15,439800.0
2018-05-22T08:00:00+08:00,38.15,38.05,38.05,775300.0
2018-05-23T08:00:00+08:00,38.3,37.65,37.65,1215600.0
2018-05-24T08:00:00+08:00,38.0,37.75,37.75,486800.0
2018-05-25T08:00:00+08:00,38.3,37.75,38.3,595900.0
2018-05-28T08:00:00+08:00,38.3,37.75,38.0,287800.0
2018-05-29T08:00:00+08:00,38.0,37.8,38.35,530100.0
2018-05-30T08:00:00+08:00,38.3,37.7,38.0,920800.0
2018-05-31T08:00:00+08:00,38.0,37.25,39.3,4620000.0
2018-06-01T08:00:00+08:00,38.9,38.2,38.95,1078600.0
2018-06-04T08:00:00+08:00,39.0,38.5,38.8,495800.0
2018-06-05T08:00:00+08:00,38.95,38.5,38.5,991500.0
2018-06-06T08:00:00+08:00,38.7,38.0,39.0,1035700.0
2018-06-07T08:00:00+08:00,39.0,38.35,38.35,3017000.0
2018-06-08T08:00:00+08:00,38.7,38.2,38.2,3088700.0
2018-06-11T08:00:00+08:00,38.5,38.2,38.2,637000.0
2018-06-13T08:00:00+08:00,38.45,37.45,37.5,1045000.0
2018-06-14T08:00:00+08:00,37.5,37.35,38.7,2270500.0
2018-06-18T08:00:00+08:00,37.3,37.15,38.3,2568500.0
2018-06-19T08:00:00+08:00,37.55,37.05,37.85,1558500.0
2018-06-20T08:00:00+08:00,37.3,37.0,37.0,1771700.0
2018-06-21T08:00:00+08:00,37.0,36.0,36.0,2315600.0
2018-06-22T08:00:00+08:00,36.0,35.55,35.7,1351200.0
2018-06-25T08:00:00+08:00,36.75,35.0,35.0,1296900.0
2018-06-26T08:00:00+08:00,35.5,33.05,34.9,1771200.0
2018-06-27T08:00:00+08:00,34.5,34.5,35.65,2000600.0
2018-06-28T08:00:00+08:00,35.5,34.1,34.25,1647000.0
2018-06-29T08:00:00+08:00,34.25,34.2,34.75,1501000.0
2018-07-02T08:00:00+08:00,34.75,34.45,34.8,1320500.0
2018-07-03T08:00:00+08:00,34.8,34.65,34.75,699800.0
2018-07-04T08:00:00+08:00,34.75,34.65,35.15,1537700.0
2018-07-05T08:00:00+08:00,35.15,34.8,35.05,862500.0
2018-07-06T08:00:00+08:00,34.95,34.7,35.3,562400.0
2018-07-09T08:00:00+08:00,35.3,34.75,34.75,183300.0
2018-07-10T08:00:00+08:00,35.3,34.75,36.0,896900.0
2018-07-11T08:00:00+08:00,35.85,34.95,35.6,906400.0
2018-07-12T08:00:00+08:00,35.6,35.45,36.2,2793100.0
2018-07-13T08:00:00+08:00,36.4,36.1,36.7,1137100.0
2018-07-16T08:00:00+08:00,36.7,35.55,36.5,356800.0
2018-07-17T08:00:00+08:00,36.45,36.2,36.95,1552300.0
2018-07-18T08:00:00+08:00,36.5,36.5,37.0,436500.0
2018-07-19T08:00:00+08:00,36.55,36.25,36.4,726600.0
2018-07-20T08:00:00+08:00,36.5,36.05,37.15,1348200.0
2018-07-23T08:00:00+08:00,37.0,36.35,36.35,728600.0
2018-07-24T08:00:00+08:00,36.4,36.1,36.3,372100.0
2018-07-25T08:00:00+08:00,36.8,35.15,35.15,1179600.0
2018-07-26T08:00:00+08:00,36.55,36.25,36.6,1411600.0
2018-07-27T08:00:00+08:00,36.6,36.1,37.0,1564200.0
2018-07-30T08:00:00+08:00,37.2,36.95,37.2,1219800.0
2018-07-31T08:00:00+08:00,37.0,36.5,37.2,1136200.0
2018-08-01T08:00:00+08:00,36.7,36.7,37.95,2663600.0
2018-08-02T08:00:00+08:00,37.75,37.15,37.8,588400.0
2018-08-03T08:00:00+08:00,38.0,37.2,38.2,1280500.0
2018-08-06T08:00:00+08:00,37.65,37.1,37.5,786500.0
2018-08-07T08:00:00+08:00,37.5,36.8,37.0,769000.0
2018-08-08T08:00:00+08:00,37.1,36.35,37.0,1030700.0
2018-08-09T08:00:00+08:00,37.0,36.6,36.8,1012800.0
2018-08-10T08:00:00+08:00,36.8,36.05,36.1,2051100.0
2018-08-13T08:00:00+08:00,36.2,35.0,35.0,519900.0
2018-08-14T08:00:00+08:00,35.0,35.0,35.65,393100.0
2018-08-15T08:00:00+08:00,35.65,35.25,35.65,1450400.0
2018-08-16T08:00:00+08:00,35.5,35.15,36.5,1069600.0
2018-08-17T08:00:00+08:00,36.5,35.75,36.5,884200.0
2018-08-20T08:00:00+08:00,36.2,35.5,36.2,432200.0
2018-08-22T08:00:00+08:00,36.4,35.6,36.7,1032000.0
2018-08-23T08:00:00+08:00,36.0,36.0,36.9,2160000.0
2018-08-24T08:00:00+08:00,36.9,36.05,36.9,1027900.0
2018-08-28T08:00:00+08:00,37.15,36.35,37.0,2646200.0
2018-08-29T08:00:00+08:00,37.15,35.8,36.5,1916600.0
2018-08-30T08:00:00+08:00,36.05,35.7,36.15,1525000.0
2018-08-31T08:00:00+08:00,36.45,35.55,37.0,3385400.0
2018-09-03T08:00:00+08:00,36.4,35.85,36.7,743300.0
2018-09-04T08:00:00+08:00,36.7,36.4,36.9,950700.0
2018-09-05T08:00:00+08:00,36.9,35.75,36.85,1583100.0
2018-09-06T08:00:00+08:00,36.7,35.8,36.85,1314900.0
2018-09-07T08:00:00+08:00,37.0,36.0,37.0,1597700.0
2018-09-10T08:00:00+08:00,37.0,36.05,36.25,1678500.0
2018-09-11T08:00:00+08:00,36.25,36.2,36.6,1144100.0
2018-09-12T08:00:00+08:00,36.0,36.0,37.0,1866200.0
2018-09-13T08:00:00+08:00,37.0,36.25,36.9,793200.0
2018-09-14T08:00:00+08:00,37.0,36.35,36.75,1507300.0
2018-09-17T08:00:00+08:00,36.65,36.5,37.0,860100.0
2018-09-18T08:00:00+08:00,36.95,35.9,35.9,1917500.0
2018-09-19T08:00:00+08:00,35.6,35.05,35.45,1902600.0
2018-09-20T08:00:00+08:00,35.9,35.4,35.4,1851100.0
2018-09-21T08:00:00+08:00,36.0,35.35,36.6,1709000.0
2018-09-24T08:00:00+08:00,36.7,35.35,36.6,1587300.0
2018-09-25T08:00:00+08:00,36.55,35.6,36.2,1385200.0
2018-09-26T08:00:00+08:00,36.2,35.0,35.0,2108800.0
2018-09-28T08:00:00+08:00,36.0,33.45,33.45,3383900.0
2018-10-01T08:00:00+08:00,33.45,33.45,33.6,2708300.0
2018-10-02T08:00:00+08:00,34.0,33.4,33.95,1840400.0
2018-10-03T08:00:00+08:00,33.95,33.5,34.35,1279300.0
2018-10-04T08:00:00+08:00,33.75,33.5,34.3,1845700.0
2018-10-05T08:00:00+08:00,34.2,33.5,33.6,1163300.0
2018-10-08T08:00:00+08:00,33.7,33.0,33.0,1090300.0
2018-10-09T08:00:00+08:00,33.7,33.2,34.0,317100.0
2018-10-10T08:00:00+08:00,34.0,32.55,32.6,7614300.0
2018-10-11T08:00:00+08:00,32.5,31.8,33.5,3009100.0
2018-10-12T08:00:00+08:00,33.35,33.3,34.0,970100.0
2018-10-15T08:00:00+08:00,34.0,33.6,33.6,1772400.0
2018-10-16T08:00:00+08:00,33.6,33.6,34.5,540300.0
2018-10-17T08:00:00+08:00,34.5,34.0,34.5,2853000.0
2018-10-18T08:00:00+08:00,34.75,34.0,34.8,1882700.0
2018-10-19T08:00:00+08:00,34.7,34.0,35.15,5085200.0
2018-10-22T08:00:00+08:00,35.1,34.65,34.7,2117100.0
2018-10-23T08:00:00+08:00,34.7,34.25,34.5,5476900.0
2018-10-24T08:00:00+08:00,34.5,33.65,33.65,2108700.0
2018-10-25T08:00:00+08:00,33.7,32.5,33.0,566100.0
2018-10-26T08:00:00+08:00,33.0,32.45,32.5,466800.0
2018-10-29T08:00:00+08:00,32.5,32.3,32.35,2233800.0
2018-10-30T08:00:00+08:00,33.0,31.95,32.2,2119300.0
2018-10-31T08:00:00+08:00,32.6,32.3,33.7,3371800.0
2018-11-05T08:00:00+08:00,33.75,33.75,34.3,2397100.0
2018-11-06T08:00:00+08:00,34.3,33.45,34.0,1667900.0
2018-11-07T08:00:00+08:00,34.05,32.7,33.2,729200.0
2018-11-08T08:00:00+08:00,33.8,32.2,32.7,882200.0
2018-11-09T08:00:00+08:00,32.7,31.75,32.5,1615600.0
2018-11-12T08:00:00+08:00,32.3,31.75,32.0,1210300.0
2018-11-13T08:00:00+08:00,32.0,31.2,31.2,24499000.0
2018-11-14T08:00:00+08:00,31.3,31.3,31.4,2232000.0
2018-11-15T08:00:00+08:00,31.4,31.2,31.25,2395200.0
2018-11-16T08:00:00+08:00,31.7,31.4,31.65,2650500.0
2018-11-19T08:00:00+08:00,31.6,31.4,32.5,1759900.0
2018-11-20T08:00:00+08:00,32.45,32.0,32.75,1625500.0
2018-11-21T08:00:00+08:00,32.75,31.55,32.6,844500.0
2018-11-22T08:00:00+08:00,32.8,32.0,32.0,890200.0
2018-11-23T08:00:00+08:00,32.5,31.85,32.75,573000.0
2018-11-26T08:00:00+08:00,32.85,32.8,32.9,1258700.0
2018-11-27T08:00:00+08:00,33.3,33.05,33.4,1006300.0
2018-11-28T08:00:00+08:00,33.4,33.0,33.4,1601400.0
2018-11-29T08:00:00+08:00,33.4,31.7,31.7,4328600.0
2018-12-03T08:00:00+08:00,32.5,32.0,33.1,16780300.0
2018-12-04T08:00:00+08:00,33.1,32.9,33.45,2732600.0
2018-12-05T08:00:00+08:00,33.3,32.8,33.0,1062600.0
2018-12-06T08:00:00+08:00,33.0,32.5,32.5,1602800.0
2018-12-07T08:00:00+08:00,33.0,32.0,33.0,962300.0
2018-12-10T08:00:00+08:00,32.85,32.5,32.75,323900.0
2018-12-11T08:00:00+08:00,32.5,32.2,32.75,488800.0
2018-12-12T08:00:00+08:00,32.65,32.2,32.5,789100.0
2018-12-13T08:00:00+08:00,33.0,32.6,33.0,1001600.0
2018-12-14T08:00:00+08:00,33.2,32.6,33.1,1495700.0
2018-12-17T08:00:00+08:00,33.0,33.0,33.5,1987400.0
2018-12-18T08:00:00+08:00,33.55,33.1,33.2,964300.0
2018-12-19T08:00:00+08:00,33.45,33.05,33.8,2447100.0
2018-12-20T08:00:00+08:00,33.0,33.0,34.35,1229100.0
2018-12-21T08:00:00+08:00,34.2,33.5,35.0,3219800.0
2018-12-26T08:00:00+08:00,34.85,33.9,34.9,1831900.0
2018-12-27T08:00:00+08:00,34.9,34.75,35.5,2180100.0
2018-12-28T08:00:00+08:00,35.45,34.75,35.1,2202200.0
2018-09-03T08:00:00+08:00,36.4,35.85,36.7,743300.0
2018-09-04T08:00:00+08:00,36.7,36.4,36.9,950700.0
2018-09-05T08:00:00+08:00,36.9,35.75,36.85,1583100.0
2018-09-06T08:00:00+08:00,36.7,35.8,36.85,1314900.0
2018-09-07T08:00:00+08:00,37.0,36.0,37.0,1597700.0
2018-09-10T08:00:00+08:00,37.0,36.05,36.25,1678500.0
2018-09-11T08:00:00+08:00,36.25,36.2,36.6,1144100.0
2018-09-12T08:00:00+08:00,36.0,36.0,37.0,1866200.0
2018-09-13T08:00:00+08:00,37.0,36.25,36.9,793200.0
2018-09-14T08:00:00+08:00,37.0,36.35,36.75,1507300.0
2018-09-17T08:00:00+08:00,36.65,36.5,37.0,860100.0
2018-09-18T08:00:00+08:00,36.95,35.9,35.9,1917500.0
2018-09-19T08:00:00+08:00,35.6,35.05,35.45,1902600.0
2018-09-20T08:00:00+08:00,35.9,35.4,35.4,1851100.0
2018-09-21T08:00:00+08:00,36.0,35.35,36.6,1709000.0
2018-09-24T08:00:00+08:00,36.7,35.35,36.6,1587300.0
2018-09-25T08:00:00+08:00,36.55,35.6,36.2,1385200.0
2018-09-26T08:00:00+08:00,36.2,35.0,35.0,2108800.0
2018-09-28T08:00:00+08:00,36.0,33.45,33.45,3383900.0
2018-10-01T08:00:00+08:00,33.45,33.45,33.6,2708300.0
2018-10-02T08:00:00+08:00,34.0,33.4,33.95,1840400.0
2018-10-03T08:00:00+08:00,33.95,33.5,34.35,1279300.0
2018-10-04T08:00:00+08:00,33.75,33.5,34.3,1845700.0
2018-10-05T08:00:00+08:00,34.2,33.5,33.6,1163300.0
2018-10-08T08:00:00+08:00,33.7,33.0,33.0,1090300.0
2018-10-09T08:00:00+08:00,33.7,33.2,34.0,317100.0
2018-10-10T08:00:00+08:00,34.0,32.55,32.6,7614300.0
2018-10-11T08:00:00+08:00,32.5,31.8,33.5,3009100.0
2018-10-12T08:00:00+08:00,33.35,33.3,34.0,970100.0
2018-10-15T08:00:00+08:00,34.0,33.6,33.6,1772400.0
2018-10-16T08:00:00+08:00,33.6,33.6,34.5,540300.0
2018-10-17T08:00:00+08:00,34.5,34.0,34.5,2853000.0
2018-10-18T08:00:00+08:00,34.75,34.0,34.8,1882700.0
2018-10-19T08:00:00+08:00,34.7,34.0,35.15,5085200.0
2018-10-22T08:00:00+08:00,35.1,34.65,34.7,2117100.0
2018-10-23T08:00:00+08:00,34.7,34.25,34.5,5476900.0
2018-10-24T08:00:00+08:00,34.5,33.65,33.65,2108700.0
2018-10-25T08:00:00+08:00,33.7,32.5,33.0,566100.0
2018-10-26T08:00:00+08:00,33.0,32.45,32.5,466800.0
2018-10-29T08:00:00+08:00,32.5,32.3,32.35,2233800.0
2018-10-30T08:00:00+08:00,33.0,31.95,32.2,2119300.0
2018-10-31T08:00:00+08:00,32.6,32.3,33.7,3371800.0
2018-11-05T08:00:00+08:00,33.75,33.75,34.3,2397100.0
2018-11-06T08:00:00+08:00,34.3,33.45,34.0,1667900.0
2018-11-07T08:00:00+08:00,34.05,32.7,33.2,729200.0
2018-11-08T08:00:00+08:00,33.8,32.2,32.7,882200.0
2018-11-09T08:00:00+08:00,32.7,31.75,32.5,1615600.0
2018-11-12T08:00:00+08:00,32.3,31.75,32.0,1210300.0
2018-11-13T08:00:00+08:00,32.0,31.2,31.2,24499000.0
2018-11-14T08:00:00+08:00,31.3,31.3,31.4,2232000.0
2018-11-15T08:00:00+08:00,31.4,31.2,31.25,2395200.0
2018-11-16T08:00:00+08:00,31.7,31.4,31.65,2650500.0
2018-11-19T08:00:00+08:00,31.6,31.4,32.5,1759900.0
2018-11-20T08:00:00+08:00,32.45,32.0,32.75,1625500.0
2018-11-21T08:00:00+08:00,32.75,31.55,32.6,844500.0
2018-11-22T08:00:00+08:00,32.8,32.0,32.0,890200.0
2018-11-23T08:00:00+08:00,32.5,31.85,32.75,573000.0
2018-11-26T08:00:00+08:00,32.85,32.8,32.9,1258700.0
2018-11-27T08:00:00+08:00,33.3,33.05,33.4,1006300.0
2018-11-28T08:00:00+08:00,33.4,33.0,33.4,1601400.0
2018-11-29T08:00:00+08:00,33.4,31.7,31.7,4328600.0
2018-12-03T08:00:00+08:00,32.5,32.0,33.1,16780300.0
2018-12-04T08:00:00+08:00,33.1,32.9,33.45,2732600.0
2018-12-05T08:00:00+08:00,33.3,32.8,33.0,1062600.0
2018-12-06T08:00:00+08:00,33.0,32.5,32.5,1602800.0
2018-12-07T08:00:00+08:00,33.0,32.0,33.0,962300.0
2018-12-10T08:00:00+08:00,32.85,32.5,32.75,323900.0
2018-12-11T08:00:00+08:00,32.5,32.2,32.75,488800.0
2018-12-12T08:00:00+08:00,32.65,32.2,32.5,789100.0
2018-12-13T08:00:00+08:00,33.0,32.6,33.0,1001600.0
2018-12-14T08:00:00+08:00,33.2,32.6,33.1,1495700.0
2018-12-17T08:00:00+08:00,33.0,33.0,33.5,1987400.0
2018-12-18T08:00:00+08:00,33.55,33.1,33.2,964300.0
2018-12-19T08:00:00+08:00,33.45,33.05,33.8,2447100.0
2018-12-20T08:00:00+08:00,33.0,33.0,34.35,1229100.0
2018-12-21T08:00:00+08:00,34.2,33.5,35.0,3219800.0
2018-12-26T08:00:00+08:00,34.85,33.9,34.9,1831900.0
2018-12-27T08:00:00+08:00,34.9,34.75,35.5,2180100.0
2018-12-28T08:00:00+08:00,35.45,34.75,35.1,2202200.0
2019-01-02T08:00:00+08:00,35.1,34.65,35.0,205700.0
2019-01-03T08:00:00+08:00,35.0,35.0,35.65,967200.0
2019-01-04T08:00:00+08:00,35.7,35.4,35.7,1005800.0
2019-01-07T08:00:00+08:00,35.8,35.5,35.6,1129000.0
2019-01-08T08:00:00+08:00,36.0,35.0,35.0,624900.0
2019-01-09T08:00:00+08:00,35.1,34.5,34.5,1857100.0
2019-01-10T08:00:00+08:00,34.8,34.8,36.9,2312400.0
2019-01-11T08:00:00+08:00,36.7,35.8,35.8,1915700.0
2019-01-14T08:00:00+08:00,35.8,35.75,37.0,2227400.0
2019-01-15T08:00:00+08:00,36.8,36.5,37.0,1527500.0
2019-01-16T08:00:00+08:00,36.95,36.0,36.2,845400.0
2019-01-17T08:00:00+08:00,36.75,35.4,36.05,1483200.0
2019-01-18T08:00:00+08:00,36.0,35.9,37.95,2921900.0
2019-01-21T08:00:00+08:00,37.95,37.45,37.45,1327200.0
2019-01-22T08:00:00+08:00,37.8,36.8,36.8,1369700.0
2019-01-23T08:00:00+08:00,36.5,36.05,37.0,903100.0
2019-01-24T08:00:00+08:00,37.5,37.0,38.1,1082300.0
2019-01-25T08:00:00+08:00,37.25,37.25,38.0,1615300.0
2019-01-28T08:00:00+08:00,37.7,37.5,38.4,1302100.0
2019-01-29T08:00:00+08:00,37.8,37.75,38.1,1371100.0
2019-01-30T08:00:00+08:00,38.1,37.5,38.2,1062500.0
2019-01-31T08:00:00+08:00,38.25,38.25,38.4,1867300.0
2019-02-01T08:00:00+08:00,38.4,38.4,39.2,786800.0
2019-02-04T08:00:00+08:00,39.2,37.85,37.85,570100.0
2019-02-06T08:00:00+08:00,38.2,37.7,37.7,1002200.0
2019-02-07T08:00:00+08:00,37.7,37.65,37.7,667800.0
2019-02-08T08:00:00+08:00,38.1,37.7,37.75,752400.0
2019-02-11T08:00:00+08:00,37.9,37.1,37.55,763000.0
2019-02-12T08:00:00+08:00,37.65,37.0,37.0,985400.0
2019-02-13T08:00:00+08:00,37.0,36.0,36.0,1256300.0
2019-02-14T08:00:00+08:00,36.65,35.8,36.0,1278100.0
2019-02-15T08:00:00+08:00,36.6,34.0,34.0,1310600.0
2019-02-18T08:00:00+08:00,35.9,34.3,34.9,850700.0
2019-02-19T08:00:00+08:00,35.0,34.95,34.95,747500.0
2019-02-20T08:00:00+08:00,35.1,35.1,35.9,1310400.0
2019-02-21T08:00:00+08:00,36.25,36.0,36.95,772100.0
2019-02-22T08:00:00+08:00,36.95,35.9,36.9,949600.0
2019-02-26T08:00:00+08:00,37.2,36.15,36.95,872500.0
2019-02-27T08:00:00+08:00,36.95,35.8,35.95,816200.0
2019-02-28T08:00:00+08:00,35.95,34.85,34.85,2620700.0
2019-03-01T08:00:00+08:00,34.9,33.1,35.0,2423300.0
2019-03-04T08:00:00+08:00,35.0,34.1,34.7,1495600.0
2019-03-05T08:00:00+08:00,35.0,34.25,34.25,2388100.0
2019-03-06T08:00:00+08:00,34.1,34.1,34.7,1938100.0
2019-03-07T08:00:00+08:00,34.6,34.5,34.75,1966900.0
2019-03-08T08:00:00+08:00,35.0,34.0,34.0,2368600.0
2019-03-11T08:00:00+08:00,34.2,33.6,33.7,1674100.0
2019-03-12T08:00:00+08:00,33.8,33.8,35.0,3548600.0
2019-03-13T08:00:00+08:00,35.1,35.1,35.45,2840300.0
2019-03-14T08:00:00+08:00,35.2,34.5,35.55,2451300.0
2019-03-15T08:00:00+08:00,35.55,35.15,35.5,2375800.0
2019-03-18T08:00:00+08:00,35.0,34.4,35.0,1147300.0
2019-03-19T08:00:00+08:00,35.0,34.5,34.5,785700.0
2019-03-20T08:00:00+08:00,34.5,34.5,35.4,1363800.0
2019-03-21T08:00:00+08:00,35.4,35.15,35.5,1510200.0
2019-03-22T08:00:00+08:00,35.55,35.1,35.6,837700.0
2019-03-25T08:00:00+08:00,35.55,34.5,35.4,717800.0
2019-03-26T08:00:00+08:00,35.4,34.55,35.3,526500.0
2019-03-27T08:00:00+08:00,35.3,34.0,34.0,734700.0
2019-03-28T08:00:00+08:00,34.05,34.05,35.2,1118300.0
2019-03-29T08:00:00+08:00,35.15,34.85,35.4,683400.0
2019-04-01T08:00:00+08:00,35.4,34.7,35.2,555100.0
2019-04-02T08:00:00+08:00,35.2,35.1,35.6,470100.0
2019-04-03T08:00:00+08:00,35.25,34.6,35.1,581200.0
2019-04-04T08:00:00+08:00,35.5,35.1,35.7,709600.0
2019-04-05T08:00:00+08:00,35.7,35.5,36.0,1011900.0
2019-04-08T08:00:00+08:00,36.0,35.5,35.5,850000.0
2019-04-10T08:00:00+08:00,36.25,35.9,36.6,1921100.0
2019-04-11T08:00:00+08:00,36.6,36.1,36.3,2462500.0
2019-04-12T08:00:00+08:00,36.4,36.2,36.3,1281900.0
2019-04-15T08:00:00+08:00,36.3,35.5,35.5,642000.0
2019-04-16T08:00:00+08:00,35.8,35.5,35.95,767500.0
2019-04-17T08:00:00+08:00,36.0,35.85,35.95,661000.0
2019-04-22T08:00:00+08:00,35.95,35.8,36.0,998300.0
2019-04-23T08:00:00+08:00,36.0,35.9,36.65,839000.0
2019-04-24T08:00:00+08:00,36.65,36.45,36.9,747100.0
2019-04-25T08:00:00+08:00,36.9,36.45,38.0,2119800.0
2019-04-26T08:00:00+08:00,37.8,37.05,37.4,1106800.0
2019-04-29T08:00:00+08:00,37.4,37.1,37.5,1011500.0
2019-04-30T08:00:00+08:00,37.5,36.85,37.7,1435600.0
2019-05-02T08:00:00+08:00,37.0,36.5,36.6,1638800.0
2019-05-03T08:00:00+08:00,36.6,35.9,35.9,780000.0
2019-05-06T08:00:00+08:00,36.0,35.5,36.05,917500.0
2019-05-07T08:00:00+08:00,36.05,35.0,35.0,1719100.0
2019-05-08T08:00:00+08:00,35.0,34.25,35.6,1653800.0
2019-05-09T08:00:00+08:00,35.6,34.5,34.5,2133500.0
2019-05-10T08:00:00+08:00,34.55,34.55,35.2,1800100.0
2019-05-14T08:00:00+08:00,35.15,34.65,35.0,1537800.0
2019-05-15T08:00:00+08:00,35.4,34.6,34.65,2103800.0
2019-05-16T08:00:00+08:00,34.5,33.1,34.15,2890400.0
2019-05-17T08:00:00+08:00,34.15,34.15,34.7,1355500.0
2019-05-20T08:00:00+08:00,35.0,34.6,35.5,853200.0
2019-05-21T08:00:00+08:00,35.5,35.5,36.05,726700.0
2019-05-22T08:00:00+08:00,36.05,35.85,36.7,2112200.0
2019-05-23T08:00:00+08:00,36.7,36.0,36.35,579900.0
2019-05-24T08:00:00+08:00,36.0,35.3,35.6,610200.0
2019-05-27T08:00:00+08:00,35.6,35.35,35.35,761800.0
2019-05-28T08:00:00+08:00,35.35,34.95,35.7,6176700.0
2019-05-29T08:00:00+08:00,35.95,35.5,35.7,2228000.0
2019-05-30T08:00:00+08:00,35.7,35.3,35.3,3457600.0
2019-05-31T08:00:00+08:00,35.3,35.3,36.5,3007900.0
2019-06-03T08:00:00+08:00,36.7,36.2,36.3,1631900.0
2019-06-04T08:00:00+08:00,36.3,35.8,35.8,597400.0
2019-06-06T08:00:00+08:00,35.8,35.5,35.5,1388600.0
2019-06-07T08:00:00+08:00,35.5,35.05,35.1,759100.0
2019-06-10T08:00:00+08:00,35.15,35.0,35.0,545300.0
2019-06-11T08:00:00+08:00,35.75,35.3,35.35,1366300.0
2019-06-13T08:00:00+08:00,35.35,35.0,35.0,2597600.0
2019-06-14T08:00:00+08:00,35.0,34.95,35.0,1005400.0
2019-06-17T08:00:00+08:00,35.1,34.85,34.9,1171300.0
2019-06-18T08:00:00+08:00,34.9,34.8,34.85,1021500.0
2019-06-19T08:00:00+08:00,34.85,34.85,35.0,1412000.0
2019-06-20T08:00:00+08:00,35.0,34.95,35.6,381900.0
2019-06-21T08:00:00+08:00,35.6,35.0,35.0,2103200.0
2019-06-24T08:00:00+08:00,35.35,35.0,35.3,536600.0
2019-06-25T08:00:00+08:00,35.3,34.0,35.0,1278500.0
2019-06-26T08:00:00+08:00,35.2,34.65,35.2,1026000.0
2019-06-27T08:00:00+08:00,35.2,34.95,35.0,1317000.0
2019-06-28T08:00:00+08:00,35.2,34.8,34.8,686900.0
2019-07-01T08:00:00+08:00,35.0,34.85,35.75,974700.0
2019-07-02T08:00:00+08:00,35.75,35.6,36.5,1415600.0
2019-07-03T08:00:00+08:00,36.55,36.4,37.5,1982400.0
2019-07-04T08:00:00+08:00,37.5,36.0,36.9,981600.0
2019-07-05T08:00:00+08:00,37.0,36.6,37.0,378400.0
2019-07-08T08:00:00+08:00,37.0,36.6,37.1,551600.0
2019-07-09T08:00:00+08:00,37.1,36.7,36.8,764600.0
